timestamp_cet,air_temperature,humidity,wind_gust_max_10min,wind_speed_avg_10min,wind_force_avg_10min,wind_direction,windchill,water_temperature,barometric_pressure_qfe,dew_point
2021-01-01T00:10:00,1.5,92.0,0.9,0.6,1.0,54.0,1.5,6.7,957.1,0.4
2021-01-01T00:20:00,1.6,92.0,1.5,0.8,1.0,40.0,1.6,6.7,957.0,0.5
2021-01-01T00:30:00,1.7,93.0,0.6,0.1,0.0,14.0,1.7,6.7,956.9,0.6
2021-01-01T00:40:00,1.8,92.0,0.8,0.2,0.0,17.0,1.8,6.7,956.9,0.6
2021-01-01T00:50:00,1.8,92.0,0.1,0.0,0.0,44.0,1.8,6.8,956.9,0.7
2021-01-01T01:00:00,1.8,92.0,0.0,0.0,0.0,0.0,1.8,6.7,956.9,0.6
2021-01-01T01:10:00,1.9,92.0,0.0,0.0,0.0,44.0,1.9,6.8,956.9,0.7
2021-01-01T01:20:00,1.9,92.0,1.3,0.2,0.0,298.0,1.9,6.8,956.9,0.8
2021-01-01T01:30:00,2.0,93.0,1.5,0.5,1.0,300.0,2.0,6.8,957.1,1.0
2021-01-01T01:40:00,2.1,94.0,0.9,0.2,0.0,331.0,2.1,6.7,957.1,1.2
2021-01-01T01:50:00,2.1,94.0,0.8,0.1,0.0,44.0,2.1,6.7,957.2,1.2
2021-01-01T02:00:00,2.1,93.0,1.2,0.7,1.0,41.0,2.1,6.7,957.1,1.0
2021-01-01T02:10:00,2.1,92.0,0.4,0.0,0.0,7.0,2.1,6.7,957.2,0.9
2021-01-01T02:20:00,2.1,92.0,0.1,0.0,0.0,83.0,2.1,6.7,957.3,0.9
2021-01-01T02:30:00,2.1,92.0,0.0,0.0,0.0,0.0,2.1,6.7,957.4,1.0
2021-01-01T02:40:00,2.1,92.0,0.0,0.0,0.0,351.0,2.1,6.8,957.4,1.0
2021-01-01T02:50:00,2.2,93.0,1.5,0.4,1.0,314.0,2.2,6.8,957.5,1.2
2021-01-01T03:00:00,2.3,93.0,1.9,0.5,1.0,346.0,2.3,6.8,957.6,1.3
2021-01-01T03:10:00,2.4,93.0,1.8,0.5,1.0,327.0,2.4,6.7,957.6,1.3
2021-01-01T03:20:00,2.4,93.0,1.3,0.5,1.0,351.0,2.4,6.8,957.7,1.3
2021-01-01T03:30:00,2.4,93.0,1.2,0.3,1.0,346.0,2.4,6.7,957.7,1.3
2021-01-01T03:40:00,2.4,93.0,0.0,0.0,0.0,0.0,2.4,6.7,957.7,1.3
2021-01-01T03:50:00,2.3,93.0,0.6,0.2,0.0,70.0,2.3,6.8,957.7,1.3
2021-01-01T04:00:00,2.3,93.0,0.6,0.2,0.0,48.0,2.3,6.7,957.6,1.3
2021-01-01T04:10:00,2.3,93.0,0.6,0.1,0.0,68.0,2.3,6.7,957.6,1.3
2021-01-01T04:20:00,2.3,93.0,0.0,0.0,0.0,0.0,2.3,6.7,957.6,1.3
2021-01-01T04:30:00,2.4,93.0,0.6,0.1,0.0,76.0,2.4,6.7,957.6,1.3
2021-01-01T04:40:00,2.4,93.0,0.0,0.0,0.0,39.0,2.4,6.7,957.7,1.4
2021-01-01T04:50:00,2.4,93.0,0.0,0.0,0.0,0.0,2.4,6.7,957.6,1.4
2021-01-01T05:00:00,2.5,93.0,0.0,0.0,0.0,0.0,2.5,6.7,957.8,1.4
2021-01-01T05:10:00,2.5,93.0,0.0,0.0,0.0,0.0,2.5,6.7,957.8,1.4
2021-01-01T05:20:00,2.5,93.0,0.0,0.0,0.0,346.0,2.5,6.8,957.8,1.5
2021-01-01T05:30:00,2.6,93.0,0.9,0.1,0.0,277.0,2.6,6.7,957.8,1.6
2021-01-01T05:40:00,2.7,93.0,0.5,0.0,0.0,334.0,2.7,6.7,957.8,1.7
2021-01-01T05:50:00,2.7,94.0,1.0,0.3,1.0,354.0,2.7,6.7,957.8,1.7
2021-01-01T06:00:00,2.6,94.0,0.8,0.2,0.0,9.0,2.6,6.8,957.8,1.7
2021-01-01T06:10:00,2.6,93.0,0.6,0.0,0.0,86.0,2.6,6.8,958.0,1.6
2021-01-01T06:20:00,2.5,94.0,0.7,0.2,0.0,30.0,2.5,6.8,957.9,1.6
2021-01-01T06:30:00,2.5,94.0,0.4,0.0,0.0,29.0,2.5,6.8,957.9,1.6
2021-01-01T06:40:00,2.5,94.0,0.5,0.0,0.0,49.0,2.5,6.7,958.1,1.6
2021-01-01T06:50:00,2.5,94.0,0.6,0.4,1.0,54.0,2.5,6.8,958.2,1.6
2021-01-01T07:00:00,2.5,94.0,0.4,0.0,0.0,47.0,2.5,6.8,958.3,1.6
2021-01-01T07:10:00,2.5,94.0,0.6,0.1,0.0,308.0,2.5,6.8,958.4,1.7
2021-01-01T07:20:00,2.5,95.0,0.8,0.1,0.0,302.0,2.5,6.8,958.5,1.7
2021-01-01T07:30:00,2.6,95.0,1.1,0.6,1.0,296.0,2.6,6.7,958.6,1.8
2021-01-01T07:40:00,2.6,95.0,1.3,0.8,1.0,301.0,2.6,6.7,958.7,1.9
2021-01-01T07:50:00,2.6,96.0,1.4,0.8,1.0,302.0,2.6,6.7,958.8,1.9
2021-01-01T08:00:00,2.5,96.0,1.2,0.5,1.0,305.0,2.5,6.7,958.9,1.9
2021-01-01T08:10:00,2.5,95.0,0.7,0.1,0.0,359.0,2.5,6.7,959.0,1.8
2021-01-01T08:20:00,2.4,95.0,0.0,0.0,0.0,0.0,2.4,6.7,959.1,1.8
2021-01-01T08:30:00,2.4,95.0,0.0,0.0,0.0,0.0,2.4,6.7,959.2,1.7
2021-01-01T08:40:00,2.4,95.0,0.0,0.0,0.0,0.0,2.4,6.7,959.3,1.7
2021-01-01T08:50:00,2.5,95.0,0.0,0.0,0.0,0.0,2.5,6.7,959.3,1.7
2021-01-01T09:00:00,2.5,95.0,0.0,0.0,0.0,0.0,2.5,6.7,959.4,1.7
2021-01-01T09:10:00,2.6,95.0,0.6,0.1,0.0,51.0,2.6,6.7,959.3,1.8
2021-01-01T09:20:00,2.7,95.0,0.0,0.0,0.0,0.0,2.7,6.7,959.3,1.9
2021-01-01T09:30:00,2.7,94.0,0.0,0.0,0.0,0.0,2.7,6.7,959.4,1.9
2021-01-01T09:40:00,2.8,94.0,0.0,0.0,0.0,0.0,2.8,6.7,959.4,1.9
2021-01-01T09:50:00,2.9,93.0,0.0,0.0,0.0,0.0,2.9,6.7,959.5,1.8
2021-01-01T10:00:00,3.0,91.0,0.0,0.0,0.0,0.0,3.0,6.7,959.6,1.7
2021-01-01T10:10:00,3.1,91.0,0.0,0.0,0.0,0.0,3.1,6.7,959.6,1.8
2021-01-01T10:20:00,3.2,90.0,0.0,0.0,0.0,0.0,3.2,6.7,959.6,1.7
2021-01-01T10:30:00,3.2,88.0,0.0,0.0,0.0,0.0,3.2,6.7,959.7,1.4
2021-01-01T10:40:00,3.2,88.0,1.0,0.1,0.0,225.0,3.2,6.7,959.8,1.4
2021-01-01T10:50:00,3.3,87.0,1.2,0.4,1.0,234.0,3.3,6.7,959.9,1.2
2021-01-01T11:00:00,3.3,87.0,1.0,0.3,1.0,284.0,3.3,6.7,959.9,1.3
2021-01-01T11:10:00,3.3,88.0,2.1,1.0,1.0,301.0,3.3,6.7,959.9,1.4
2021-01-01T11:20:00,3.3,87.0,2.5,1.3,1.0,308.0,3.1,6.8,959.9,1.4
2021-01-01T11:30:00,3.3,88.0,3.3,2.1,2.0,307.0,2.3,6.8,959.8,1.5
2021-01-01T11:40:00,3.3,87.0,3.4,1.5,1.0,318.0,2.9,6.7,959.8,1.3
2021-01-01T11:50:00,3.3,87.0,2.7,1.6,2.0,302.0,2.9,6.7,959.8,1.4
2021-01-01T12:00:00,3.3,88.0,2.9,2.0,2.0,305.0,2.0,6.7,959.6,1.5
2021-01-01T12:10:00,3.3,88.0,2.8,1.5,1.0,315.0,2.8,6.7,959.6,1.6
2021-01-01T12:20:00,3.2,87.0,2.6,1.4,1.0,318.0,3.1,6.7,959.5,1.3
2021-01-01T12:30:00,3.2,88.0,3.7,2.2,2.0,304.0,1.6,6.7,959.5,1.3
2021-01-01T12:40:00,3.1,86.0,3.4,1.4,1.0,315.0,2.7,6.7,959.5,1.0
2021-01-01T12:50:00,3.1,86.0,3.5,1.9,2.0,306.0,2.4,6.7,959.5,1.0
2021-01-01T13:00:00,3.0,86.0,2.7,1.4,1.0,318.0,2.9,6.7,959.4,1.0
2021-01-01T13:10:00,3.0,87.0,2.2,0.8,1.0,331.0,3.0,6.7,959.4,1.0
2021-01-01T13:20:00,3.1,87.0,3.1,1.6,2.0,313.0,2.5,6.7,959.3,1.2
2021-01-01T13:30:00,3.0,88.0,3.4,2.0,2.0,307.0,1.8,6.7,959.2,1.3
2021-01-01T13:40:00,3.0,88.0,3.4,2.0,2.0,315.0,1.9,6.7,959.1,1.2
2021-01-01T13:50:00,2.9,88.0,3.0,1.6,2.0,312.0,2.6,6.7,959.1,1.2
2021-01-01T14:00:00,2.9,89.0,2.6,1.6,2.0,314.0,2.7,6.7,959.2,1.2
2021-01-01T14:10:00,2.8,88.0,2.8,1.2,1.0,338.0,2.6,6.7,959.2,1.1
2021-01-01T14:20:00,2.7,88.0,2.8,1.3,1.0,325.0,2.5,6.7,959.2,1.0
2021-01-01T14:30:00,2.8,89.0,3.2,1.4,1.0,321.0,2.5,6.7,959.2,1.1
2021-01-01T14:40:00,2.7,89.0,2.8,1.4,1.0,332.0,2.5,6.7,959.3,1.0
2021-01-01T14:50:00,2.7,89.0,2.0,0.6,1.0,354.0,2.7,6.7,959.3,1.1
2021-01-01T15:00:00,2.8,89.0,1.8,0.8,1.0,16.0,2.8,6.7,959.4,1.1
2021-01-01T15:10:00,2.9,89.0,0.9,0.2,0.0,3.0,2.9,6.7,959.5,1.2
2021-01-01T15:20:00,2.9,88.0,2.6,1.0,1.0,354.0,2.9,6.7,959.5,1.1
2021-01-01T15:30:00,3.0,87.0,2.3,1.3,1.0,333.0,3.0,6.7,959.5,1.1
2021-01-01T15:40:00,3.0,87.0,2.2,0.9,1.0,329.0,3.0,6.7,959.5,1.1
2021-01-01T15:50:00,3.0,88.0,2.6,1.2,1.0,321.0,2.9,6.7,959.6,1.1
2021-01-01T16:00:00,3.0,88.0,2.9,1.4,1.0,305.0,2.6,6.7,959.6,1.2
2021-01-01T16:10:00,3.0,87.0,2.5,1.0,1.0,297.0,3.0,6.7,959.6,1.1
2021-01-01T16:20:00,3.0,87.0,2.3,0.6,1.0,310.0,3.0,6.7,959.7,1.1
2021-01-01T16:30:00,3.0,86.0,2.7,1.2,1.0,311.0,2.9,6.7,959.7,1.0
2021-01-01T16:40:00,3.0,86.0,2.3,1.2,1.0,298.0,3.0,6.7,959.7,1.0
2021-01-01T16:50:00,3.0,86.0,2.6,1.2,1.0,303.0,3.0,6.7,959.8,1.0
2021-01-01T17:00:00,3.0,86.0,3.4,1.8,2.0,294.0,2.4,6.7,959.8,0.9
2021-01-01T17:10:00,3.0,85.0,2.4,1.2,1.0,301.0,3.0,6.7,960.0,0.8
2021-01-01T17:20:00,3.0,85.0,2.6,1.0,1.0,282.0,2.9,6.7,960.1,0.8
2021-01-01T17:30:00,3.1,85.0,3.2,1.4,1.0,287.0,2.7,6.7,960.1,0.8
2021-01-01T17:40:00,3.0,85.0,2.7,1.3,1.0,301.0,3.0,6.7,960.2,0.8
2021-01-01T17:50:00,3.0,85.0,2.4,1.2,1.0,320.0,3.0,6.7,960.2,0.8
2021-01-01T18:00:00,3.0,85.0,2.7,1.2,1.0,305.0,2.9,6.7,960.3,0.8
2021-01-01T18:10:00,3.0,85.0,2.4,1.3,1.0,304.0,2.9,6.8,960.4,0.7
2021-01-01T18:20:00,3.0,86.0,3.2,1.4,1.0,306.0,2.5,6.7,960.5,0.8
2021-01-01T18:30:00,2.9,86.0,2.7,1.3,1.0,311.0,2.6,6.7,960.4,0.8
2021-01-01T18:40:00,2.9,87.0,3.2,1.3,1.0,302.0,2.3,6.7,960.5,0.9
2021-01-01T18:50:00,2.9,87.0,2.9,1.4,1.0,307.0,2.6,6.7,960.5,0.9
2021-01-01T19:00:00,2.9,87.0,2.5,1.6,2.0,306.0,2.8,6.7,960.5,0.9
2021-01-01T19:10:00,2.8,87.0,2.6,0.9,1.0,329.0,2.7,6.7,960.5,0.8
2021-01-01T19:20:00,2.7,88.0,1.8,0.7,1.0,300.0,2.7,6.7,960.5,0.8
2021-01-01T19:30:00,2.6,89.0,2.4,1.1,1.0,303.0,2.6,6.7,960.5,1.0
2021-01-01T19:40:00,2.5,89.0,2.3,0.6,1.0,310.0,2.5,6.7,960.5,0.9
2021-01-01T19:50:00,2.4,88.0,1.3,0.3,1.0,305.0,2.4,6.7,960.5,0.7
2021-01-01T20:00:00,2.4,88.0,1.5,0.6,1.0,320.0,2.4,6.7,960.6,0.7
2021-01-01T20:10:00,2.4,88.0,2.5,0.7,1.0,319.0,2.4,6.7,960.6,0.6
2021-01-01T20:20:00,2.4,88.0,2.1,0.9,1.0,315.0,2.4,6.7,960.5,0.5
2021-01-01T20:30:00,2.4,88.0,2.1,0.9,1.0,306.0,2.4,6.7,960.5,0.6
2021-01-01T20:40:00,2.4,88.0,2.2,0.7,1.0,311.0,2.4,6.7,960.6,0.7
2021-01-01T20:50:00,2.4,88.0,3.3,1.2,1.0,20.0,2.1,6.7,960.7,0.6
2021-01-01T21:00:00,2.3,88.0,2.3,0.9,1.0,19.0,2.3,6.7,960.8,0.6
2021-01-01T21:10:00,2.3,89.0,3.4,1.3,1.0,15.0,2.1,6.7,960.8,0.6
2021-01-01T21:20:00,2.3,89.0,3.1,1.2,1.0,13.0,2.0,6.7,960.8,0.7
2021-01-01T21:30:00,2.3,90.0,3.2,1.3,1.0,18.0,2.0,6.7,960.9,0.7
2021-01-01T21:40:00,2.2,91.0,3.0,1.5,1.0,20.0,1.7,6.7,960.9,0.9
2021-01-01T21:50:00,2.2,92.0,4.0,1.7,2.0,19.0,1.3,6.7,961.0,1.0
2021-01-01T22:00:00,2.1,92.0,4.3,2.0,2.0,18.0,0.8,6.7,960.9,1.0
2021-01-01T22:10:00,2.2,92.0,3.6,1.7,2.0,13.0,1.5,6.7,960.9,1.0
2021-01-01T22:20:00,2.2,92.0,3.3,1.5,1.0,23.0,1.7,6.7,961.0,1.0
2021-01-01T22:30:00,2.2,92.0,3.6,1.6,2.0,22.0,1.7,6.7,961.0,1.1
2021-01-01T22:40:00,2.2,92.0,4.1,2.2,2.0,23.0,0.5,6.7,961.1,1.0
2021-01-01T22:50:00,2.2,92.0,3.7,1.9,2.0,19.0,1.1,6.7,961.1,1.0
2021-01-01T23:00:00,2.2,92.0,4.6,2.1,2.0,16.0,0.7,6.7,961.1,1.0
2021-01-01T23:10:00,2.2,91.0,4.2,1.8,2.0,18.0,1.4,6.7,961.1,0.9
2021-01-01T23:20:00,2.3,90.0,3.9,1.7,2.0,21.0,1.4,6.7,961.1,0.9
2021-01-01T23:30:00,2.3,90.0,4.4,2.2,2.0,21.0,0.5,6.7,961.1,0.8
2021-01-01T23:40:00,2.3,89.0,4.4,2.3,2.0,17.0,0.3,6.7,961.1,0.7
2021-01-01T23:50:00,2.4,89.0,4.4,2.5,2.0,20.0,0.0,6.7,961.1,0.7
2021-01-02T00:00:00,2.4,88.0,4.6,2.2,2.0,24.0,0.7,6.7,961.1,0.6
2021-01-02T00:10:00,2.4,88.0,4.3,1.7,2.0,24.0,1.7,6.7,961.2,0.6
2021-01-02T00:20:00,2.4,88.0,4.2,2.0,2.0,16.0,1.2,6.7,961.2,0.6
2021-01-02T00:30:00,2.4,88.0,3.7,1.9,2.0,19.0,1.2,6.7,961.2,0.6
2021-01-02T00:40:00,2.4,88.0,3.6,1.7,2.0,16.0,1.6,6.7,961.2,0.6
2021-01-02T00:50:00,2.4,88.0,2.5,0.9,1.0,11.0,2.4,6.7,961.2,0.6
2021-01-02T01:00:00,2.4,88.0,3.0,1.3,1.0,19.0,2.0,6.7,961.2,0.6
2021-01-02T01:10:00,2.4,88.0,3.4,1.0,1.0,26.0,2.2,6.7,961.3,0.6
2021-01-02T01:20:00,2.4,88.0,4.2,1.6,2.0,18.0,1.6,6.7,961.3,0.6
2021-01-02T01:30:00,2.4,87.0,4.4,2.0,2.0,31.0,0.9,6.7,961.3,0.5
2021-01-02T01:40:00,2.4,87.0,4.6,2.0,2.0,27.0,0.9,6.7,961.3,0.5
2021-01-02T01:50:00,2.4,87.0,4.1,1.6,2.0,26.0,1.5,6.7,961.4,0.5
2021-01-02T02:00:00,2.4,87.0,4.6,2.1,2.0,21.0,1.1,6.7,961.3,0.5
2021-01-02T02:10:00,2.4,87.0,4.4,2.0,2.0,23.0,0.9,6.7,961.3,0.5
2021-01-02T02:20:00,2.3,88.0,4.2,2.2,2.0,23.0,0.5,6.7,961.4,0.5
2021-01-02T02:30:00,2.3,88.0,4.9,2.4,2.0,21.0,0.2,6.7,961.4,0.5
2021-01-02T02:40:00,2.3,88.0,5.0,2.6,2.0,23.0,-0.3,6.7,961.4,0.5
2021-01-02T02:50:00,2.3,88.0,5.2,2.7,2.0,21.0,-0.6,6.7,961.4,0.5
2021-01-02T03:00:00,2.3,88.0,4.9,2.3,2.0,19.0,0.2,6.7,961.3,0.5
2021-01-02T03:10:00,2.3,88.0,6.5,3.0,2.0,15.0,-1.1,6.7,961.3,0.5
2021-01-02T03:20:00,2.3,88.0,5.2,3.0,2.0,20.0,-1.3,6.7,961.3,0.5
2021-01-02T03:30:00,2.3,88.0,4.5,2.2,2.0,34.0,0.6,6.7,961.3,0.5
2021-01-02T03:40:00,2.3,88.0,4.0,1.9,2.0,30.0,1.1,6.7,961.3,0.5
2021-01-02T03:50:00,2.3,88.0,4.1,2.0,2.0,21.0,0.9,6.7,961.3,0.5
2021-01-02T04:00:00,2.3,88.0,3.5,1.9,2.0,18.0,1.1,6.7,961.2,0.5
2021-01-02T04:10:00,2.3,88.0,4.6,1.6,2.0,13.0,1.4,6.7,961.2,0.5
2021-01-02T04:20:00,2.2,88.0,4.0,1.9,2.0,19.0,1.2,6.7,961.3,0.5
2021-01-02T04:30:00,2.2,88.0,3.7,1.9,2.0,16.0,1.2,6.7,961.2,0.5
2021-01-02T04:40:00,2.2,88.0,3.9,2.2,2.0,21.0,0.3,6.7,961.2,0.5
2021-01-02T04:50:00,2.2,88.0,3.6,1.5,1.0,29.0,1.7,6.7,961.2,0.4
2021-01-02T05:00:00,2.3,87.0,4.5,1.4,1.0,21.0,1.8,6.7,961.1,0.4
2021-01-02T05:10:00,2.3,88.0,3.8,1.7,2.0,13.0,1.6,6.7,961.1,0.4
2021-01-02T05:20:00,2.2,88.0,4.0,1.9,2.0,4.0,0.8,6.7,961.1,0.4
2021-01-02T05:30:00,2.2,88.0,4.3,1.8,2.0,360.0,1.2,6.7,961.1,0.4
2021-01-02T05:40:00,2.2,88.0,3.6,1.9,2.0,356.0,0.6,6.7,961.1,0.5
2021-01-02T05:50:00,2.2,88.0,2.9,1.2,1.0,1.0,2.0,6.7,961.2,0.5
2021-01-02T06:00:00,2.2,88.0,2.5,1.1,1.0,355.0,2.1,6.7,961.1,0.5
2021-01-02T06:10:00,2.2,89.0,3.1,1.1,1.0,359.0,2.0,6.7,961.1,0.5
2021-01-02T06:20:00,2.2,88.0,2.8,1.1,1.0,358.0,1.9,6.7,961.1,0.5
2021-01-02T06:30:00,2.2,88.0,3.4,1.2,1.0,3.0,2.0,6.7,961.1,0.5
2021-01-02T06:40:00,2.2,88.0,3.0,1.2,1.0,4.0,2.0,6.7,961.2,0.5
2021-01-02T06:50:00,2.2,88.0,3.4,1.6,2.0,358.0,1.7,6.7,961.2,0.4
2021-01-02T07:00:00,2.2,88.0,3.9,1.8,2.0,356.0,0.9,6.7,961.2,0.4
2021-01-02T07:10:00,2.2,88.0,3.7,2.0,2.0,359.0,0.8,6.7,961.3,0.4
2021-01-02T07:20:00,2.2,88.0,3.1,1.6,2.0,1.0,1.5,6.7,961.3,0.4
2021-01-02T07:30:00,2.2,87.0,4.0,1.4,1.0,4.0,1.8,6.7,961.3,0.3
2021-01-02T07:40:00,2.2,87.0,3.7,2.0,2.0,1.0,0.6,6.7,961.3,0.3
2021-01-02T07:50:00,2.2,87.0,4.2,1.7,2.0,6.0,1.5,6.7,961.3,0.3
2021-01-02T08:00:00,2.2,86.0,3.2,1.5,1.0,1.0,1.6,6.7,961.4,0.2
2021-01-02T08:10:00,2.2,86.0,2.7,1.2,1.0,7.0,2.0,6.7,961.4,0.2
2021-01-02T08:20:00,2.2,86.0,4.4,1.5,1.0,14.0,1.8,6.7,961.3,0.2
2021-01-02T08:30:00,2.2,86.0,3.5,1.2,1.0,10.0,2.0,6.7,961.2,0.1
2021-01-02T08:40:00,2.2,86.0,4.0,1.6,2.0,18.0,1.5,6.7,961.2,0.1
2021-01-02T08:50:00,2.2,86.0,4.3,1.4,1.0,22.0,1.7,6.7,961.3,0.1
2021-01-02T09:00:00,2.2,85.0,4.4,1.8,2.0,21.0,1.2,6.7,961.4,0.1
2021-01-02T09:10:00,2.2,86.0,5.4,2.1,2.0,14.0,0.6,6.7,961.3,0.1
2021-01-02T09:20:00,2.2,86.0,5.2,2.4,2.0,21.0,0.3,6.7,961.3,0.1
2021-01-02T09:30:00,2.2,86.0,4.0,2.3,2.0,7.0,0.1,6.7,961.2,0.1
2021-01-02T09:40:00,2.2,86.0,4.7,2.1,2.0,16.0,0.4,6.7,961.3,0.1
2021-01-02T09:50:00,2.2,86.0,3.4,1.5,1.0,14.0,1.9,6.7,961.4,0.1
2021-01-02T10:00:00,2.2,86.0,3.7,1.2,1.0,359.0,1.9,6.7,961.5,0.1
2021-01-02T10:10:00,2.2,86.0,3.6,1.3,1.0,348.0,2.0,6.7,961.5,0.1
2021-01-02T10:20:00,2.2,86.0,5.1,1.7,2.0,359.0,1.3,6.7,961.4,0.1
2021-01-02T10:30:00,2.3,85.0,4.1,1.4,1.0,359.0,1.5,6.7,961.4,0.1
2021-01-02T10:40:00,2.3,85.0,3.4,1.4,1.0,6.0,2.0,6.7,961.3,0.0
2021-01-02T10:50:00,2.4,84.0,4.0,1.4,1.0,352.0,1.8,6.7,961.3,0.0
2021-01-02T11:00:00,2.5,84.0,3.3,1.5,1.0,352.0,1.9,6.7,961.2,0.0
2021-01-02T11:10:00,2.5,83.0,3.3,1.2,1.0,359.0,2.4,6.7,961.2,0.0
2021-01-02T11:20:00,2.6,83.0,3.6,1.1,1.0,349.0,2.2,6.7,961.2,0.0
2021-01-02T11:30:00,2.6,82.0,4.7,1.7,2.0,2.0,1.6,6.7,961.0,-0.1
2021-01-02T11:40:00,2.6,83.0,4.3,1.7,2.0,347.0,1.9,6.7,960.9,0.0
2021-01-02T11:50:00,2.6,82.0,4.4,1.8,2.0,346.0,1.3,6.7,960.9,-0.1
2021-01-02T12:00:00,2.6,82.0,3.4,1.0,1.0,339.0,2.4,6.7,960.8,-0.1
2021-01-02T12:10:00,2.6,83.0,3.3,0.7,1.0,353.0,2.5,6.7,960.8,0.0
2021-01-02T12:20:00,2.6,83.0,2.2,1.0,1.0,327.0,2.6,6.7,960.6,0.1
2021-01-02T12:30:00,2.6,83.0,4.6,1.2,1.0,345.0,2.2,6.7,960.5,0.0
2021-01-02T12:40:00,2.6,83.0,4.0,0.8,1.0,343.0,2.3,6.7,960.4,0.0
2021-01-02T12:50:00,2.6,82.0,5.2,1.0,1.0,340.0,1.8,6.7,960.4,-0.1
2021-01-02T13:00:00,2.6,82.0,2.8,1.0,1.0,352.0,2.5,6.7,960.3,-0.1
2021-01-02T13:10:00,2.6,82.0,2.5,0.7,1.0,343.0,2.6,6.7,960.2,-0.1
2021-01-02T13:20:00,2.6,82.0,3.8,1.1,1.0,347.0,2.1,6.7,960.1,-0.2
2021-01-02T13:30:00,2.6,81.0,3.1,1.3,1.0,341.0,2.2,6.7,960.0,-0.3
2021-01-02T13:40:00,2.6,81.0,3.2,0.9,1.0,353.0,2.4,6.7,960.1,-0.3
2021-01-02T13:50:00,2.6,81.0,3.1,1.4,1.0,3.0,2.1,6.7,960.1,-0.4
2021-01-02T14:00:00,2.6,81.0,3.0,1.2,1.0,340.0,2.4,6.7,960.1,-0.3
2021-01-02T14:10:00,2.6,80.0,3.2,1.4,1.0,349.0,2.2,6.7,960.1,-0.5
2021-01-02T14:20:00,2.6,80.0,2.7,1.1,1.0,343.0,2.5,6.7,960.1,-0.5
2021-01-02T14:30:00,2.6,80.0,3.5,1.3,1.0,341.0,2.2,6.7,960.2,-0.5
2021-01-02T14:40:00,2.6,80.0,3.3,1.3,1.0,356.0,2.3,6.7,960.3,-0.5
2021-01-02T14:50:00,2.6,80.0,3.8,1.4,1.0,353.0,1.9,6.7,960.3,-0.6
2021-01-02T15:00:00,2.5,79.0,3.6,1.3,1.0,351.0,2.1,6.7,960.3,-0.6
2021-01-02T15:10:00,2.5,79.0,3.1,1.4,1.0,354.0,2.3,6.7,960.3,-0.7
2021-01-02T15:20:00,2.5,79.0,4.0,1.3,1.0,349.0,2.2,6.7,960.3,-0.8
2021-01-02T15:30:00,2.5,79.0,4.3,1.7,2.0,354.0,1.5,6.7,960.3,-0.9
2021-01-02T15:40:00,2.5,79.0,3.3,1.1,1.0,347.0,2.3,6.7,960.4,-0.8
2021-01-02T15:50:00,2.5,79.0,3.8,1.3,1.0,359.0,2.0,6.7,960.4,-0.8
2021-01-02T16:00:00,2.4,79.0,2.8,1.2,1.0,360.0,2.2,6.7,960.4,-0.9
2021-01-02T16:10:00,2.4,79.0,3.7,1.7,2.0,356.0,1.7,6.7,960.5,-0.9
2021-01-02T16:20:00,2.3,78.0,4.7,2.1,2.0,1.0,0.9,6.7,960.6,-1.0
2021-01-02T16:30:00,2.3,78.0,4.8,2.1,2.0,8.0,0.7,6.7,960.6,-1.1
2021-01-02T16:40:00,2.2,79.0,4.4,2.1,2.0,2.0,0.6,6.7,960.5,-1.1
2021-01-02T16:50:00,2.2,79.0,3.4,1.6,2.0,355.0,1.5,6.7,960.4,-1.1
2021-01-02T17:00:00,2.2,79.0,3.8,1.7,2.0,357.0,1.3,6.7,960.4,-1.1
2021-01-02T17:10:00,2.2,79.0,2.8,1.5,1.0,1.0,1.8,6.7,960.4,-1.1
2021-01-02T17:20:00,2.1,79.0,2.7,1.3,1.0,360.0,2.0,6.7,960.4,-1.1
2021-01-02T17:30:00,2.1,79.0,3.0,1.1,1.0,8.0,2.0,6.7,960.4,-1.0
2021-01-02T17:40:00,2.1,79.0,3.2,1.5,1.0,8.0,1.6,6.7,960.4,-1.1
2021-01-02T17:50:00,2.1,79.0,3.0,1.4,1.0,13.0,1.9,6.7,960.5,-1.1
2021-01-02T18:00:00,2.1,79.0,3.4,1.4,1.0,13.0,1.6,6.7,960.4,-1.1
2021-01-02T18:10:00,2.1,79.0,3.3,1.8,2.0,10.0,1.1,6.7,960.3,-1.1
2021-01-02T18:20:00,2.1,79.0,3.6,1.6,2.0,9.0,1.3,6.7,960.1,-1.1
2021-01-02T18:30:00,2.0,79.0,3.6,1.9,2.0,358.0,1.0,6.7,960.0,-1.1
2021-01-02T18:40:00,2.0,80.0,3.7,1.6,2.0,353.0,1.6,6.7,960.0,-1.1
2021-01-02T18:50:00,2.0,80.0,3.8,1.0,1.0,10.0,1.5,6.7,960.0,-1.1
2021-01-02T19:00:00,2.0,79.0,4.8,1.8,2.0,22.0,0.6,6.7,960.1,-1.3
2021-01-02T19:10:00,2.0,78.0,4.2,1.9,2.0,32.0,0.6,6.7,960.1,-1.5
2021-01-02T19:20:00,2.0,77.0,5.4,1.7,2.0,37.0,0.7,6.7,960.2,-1.5
2021-01-02T19:30:00,2.0,77.0,4.6,1.7,2.0,40.0,0.8,6.7,960.3,-1.6
2021-01-02T19:40:00,2.0,76.0,5.0,2.4,2.0,40.0,-0.5,6.7,960.4,-1.7
2021-01-02T19:50:00,2.0,76.0,5.0,2.0,2.0,44.0,0.4,6.7,960.3,-1.7
2021-01-02T20:00:00,2.0,76.0,5.1,2.0,2.0,41.0,0.4,6.7,960.4,-1.7
2021-01-02T20:10:00,2.0,76.0,4.7,1.6,2.0,38.0,1.0,6.7,960.4,-1.7
2021-01-02T20:20:00,2.0,76.0,3.9,1.5,1.0,31.0,1.2,6.7,960.4,-1.7
2021-01-02T20:30:00,2.0,76.0,3.9,1.6,2.0,24.0,1.1,6.7,960.4,-1.7
2021-01-02T20:40:00,1.9,77.0,4.7,2.0,2.0,12.0,0.5,6.7,960.5,-1.7
2021-01-02T20:50:00,1.9,77.0,3.6,1.5,1.0,23.0,0.9,6.7,960.5,-1.7
2021-01-02T21:00:00,1.8,77.0,4.7,1.4,1.0,19.0,1.1,6.7,960.5,-1.7
2021-01-02T21:10:00,1.8,77.0,4.6,1.7,2.0,16.0,0.1,6.7,960.5,-1.8
2021-01-02T21:20:00,1.7,78.0,3.8,0.8,1.0,20.0,1.4,6.7,960.4,-1.7
2021-01-02T21:30:00,1.7,77.0,4.5,1.0,1.0,27.0,1.4,6.7,960.4,-1.8
2021-01-02T21:40:00,1.6,77.0,4.0,1.4,1.0,16.0,0.9,6.7,960.4,-1.9
2021-01-02T21:50:00,1.5,77.0,2.9,0.9,1.0,35.0,1.5,6.7,960.4,-2.0
2021-01-02T22:00:00,1.5,77.0,2.9,0.9,1.0,12.0,1.4,6.7,960.4,-2.0
2021-01-02T22:10:00,1.5,78.0,2.5,0.4,1.0,2.0,1.5,6.7,960.5,-2.0
2021-01-02T22:20:00,1.4,78.0,2.4,0.6,1.0,4.0,1.4,6.7,960.5,-2.0
2021-01-02T22:30:00,1.4,78.0,4.1,1.2,1.0,16.0,0.8,6.7,960.6,-1.9
2021-01-02T22:40:00,1.3,79.0,4.4,1.4,1.0,26.0,0.8,6.7,960.5,-1.9
2021-01-02T22:50:00,1.3,80.0,3.5,1.3,1.0,35.0,0.8,6.7,960.6,-1.8
2021-01-02T23:00:00,1.3,80.0,2.5,0.8,1.0,42.0,1.2,6.7,960.6,-1.8
2021-01-02T23:10:00,1.2,81.0,3.1,1.1,1.0,38.0,0.9,6.7,960.6,-1.7
2021-01-02T23:20:00,1.2,80.0,3.4,1.1,1.0,6.0,0.8,6.6,960.6,-1.8
2021-01-02T23:30:00,1.2,80.0,3.7,1.4,1.0,23.0,0.8,6.6,960.6,-1.9
2021-01-02T23:40:00,1.1,80.0,2.1,0.6,1.0,18.0,1.1,6.6,960.6,-1.9
2021-01-02T23:50:00,1.1,80.0,2.4,0.9,1.0,20.0,1.1,6.7,960.6,-2.0
2021-01-03T00:00:00,1.1,80.0,1.4,0.3,1.0,339.0,1.1,6.7,960.6,-1.9
2021-01-03T00:10:00,1.1,80.0,2.1,0.8,1.0,327.0,1.1,6.7,960.6,-1.9
2021-01-03T00:20:00,1.1,80.0,2.7,0.9,1.0,335.0,1.0,6.7,960.5,-1.9
2021-01-03T00:30:00,1.1,80.0,1.6,0.8,1.0,330.0,1.1,6.7,960.5,-1.9
2021-01-03T00:40:00,1.1,81.0,1.7,0.5,1.0,327.0,1.1,6.7,960.5,-1.8
2021-01-03T00:50:00,1.0,82.0,2.6,0.6,1.0,334.0,1.0,6.7,960.5,-1.7
2021-01-03T01:00:00,1.0,82.0,2.2,0.6,1.0,350.0,1.0,6.7,960.5,-1.7
2021-01-03T01:10:00,1.0,83.0,0.8,0.1,0.0,331.0,1.0,6.7,960.5,-1.6
2021-01-03T01:20:00,0.9,84.0,0.6,0.1,0.0,310.0,0.9,6.7,960.4,-1.4
2021-01-03T01:30:00,1.0,84.0,0.8,0.1,0.0,324.0,1.0,6.6,960.4,-1.4
2021-01-03T01:40:00,1.0,84.0,0.8,0.1,0.0,10.0,1.0,6.6,960.3,-1.5
2021-01-03T01:50:00,1.0,84.0,0.9,0.2,0.0,354.0,1.0,6.6,960.3,-1.5
2021-01-03T02:00:00,1.0,84.0,1.8,0.7,1.0,358.0,1.0,6.6,960.4,-1.4
2021-01-03T02:10:00,0.9,84.0,1.4,0.5,1.0,6.0,0.9,6.7,960.4,-1.5
2021-01-03T02:20:00,0.9,84.0,2.4,0.3,1.0,333.0,0.9,6.7,960.4,-1.4
2021-01-03T02:30:00,0.9,84.0,2.1,0.9,1.0,329.0,0.9,6.7,960.4,-1.4
2021-01-03T02:40:00,0.9,85.0,1.8,0.7,1.0,338.0,0.9,6.7,960.5,-1.4
2021-01-03T02:50:00,0.9,84.0,1.9,0.6,1.0,322.0,0.9,6.7,960.5,-1.4
2021-01-03T03:00:00,1.0,85.0,2.7,1.4,1.0,327.0,0.8,6.7,960.5,-1.3
2021-01-03T03:10:00,0.9,84.0,2.5,1.3,1.0,344.0,0.8,6.7,960.5,-1.5
2021-01-03T03:20:00,0.9,84.0,2.3,0.6,1.0,334.0,0.9,6.7,960.5,-1.5
2021-01-03T03:30:00,0.9,84.0,1.4,0.6,1.0,1.0,0.9,6.7,960.4,-1.5
2021-01-03T03:40:00,0.9,83.0,1.4,0.3,1.0,349.0,0.9,6.7,960.4,-1.6
2021-01-03T03:50:00,0.9,83.0,2.4,0.9,1.0,346.0,0.9,6.7,960.4,-1.6
2021-01-03T04:00:00,0.9,83.0,1.6,0.5,1.0,358.0,0.9,6.7,960.5,-1.6
2021-01-03T04:10:00,0.9,83.0,1.5,0.6,1.0,326.0,0.9,6.7,960.5,-1.6
2021-01-03T04:20:00,0.9,83.0,2.6,0.8,1.0,327.0,0.9,6.7,960.5,-1.6
2021-01-03T04:30:00,0.9,83.0,2.1,1.1,1.0,335.0,0.9,6.7,960.5,-1.7
2021-01-03T04:40:00,0.9,83.0,2.0,0.6,1.0,350.0,0.9,6.7,960.5,-1.6
2021-01-03T04:50:00,0.9,83.0,2.1,1.0,1.0,354.0,0.9,6.7,960.4,-1.7
2021-01-03T05:00:00,0.9,83.0,1.8,0.9,1.0,342.0,0.9,6.7,960.4,-1.7
2021-01-03T05:10:00,0.8,83.0,1.4,0.4,1.0,343.0,0.8,6.7,960.5,-1.7
2021-01-03T05:20:00,0.8,84.0,1.8,0.8,1.0,344.0,0.8,6.7,960.5,-1.6
2021-01-03T05:30:00,0.8,83.0,1.6,0.6,1.0,337.0,0.8,6.7,960.5,-1.6
2021-01-03T05:40:00,0.9,83.0,1.7,0.8,1.0,334.0,0.9,6.7,960.5,-1.6
2021-01-03T05:50:00,0.9,83.0,1.6,0.5,1.0,333.0,0.9,6.7,960.5,-1.7
2021-01-03T06:00:00,0.9,83.0,2.2,0.9,1.0,336.0,0.9,6.7,960.5,-1.6
2021-01-03T06:10:00,0.9,84.0,2.2,0.9,1.0,330.0,0.9,6.7,960.5,-1.6
2021-01-03T06:20:00,0.9,84.0,2.1,0.8,1.0,323.0,0.9,6.7,960.5,-1.6
2021-01-03T06:30:00,0.9,83.0,1.4,0.4,1.0,324.0,0.9,6.7,960.6,-1.6
2021-01-03T06:40:00,0.9,83.0,1.5,0.6,1.0,341.0,0.9,6.7,960.7,-1.6
2021-01-03T06:50:00,0.9,83.0,1.7,0.4,1.0,334.0,0.9,6.6,960.8,-1.7
2021-01-03T07:00:00,0.9,83.0,1.2,0.6,1.0,331.0,0.9,6.7,960.8,-1.6
2021-01-03T07:10:00,0.9,83.0,1.5,0.3,1.0,336.0,0.9,6.6,960.8,-1.7
2021-01-03T07:20:00,0.9,83.0,1.5,0.4,1.0,330.0,0.9,6.6,960.9,-1.6
2021-01-03T07:30:00,0.9,83.0,1.2,0.4,1.0,357.0,0.9,6.7,960.9,-1.7
2021-01-03T07:40:00,0.9,83.0,1.3,0.5,1.0,342.0,0.9,6.7,960.9,-1.7
2021-01-03T07:50:00,0.9,83.0,0.8,0.1,0.0,12.0,0.9,6.6,960.9,-1.7
2021-01-03T08:00:00,0.9,83.0,1.1,0.2,0.0,325.0,0.9,6.7,960.9,-1.6
2021-01-03T08:10:00,0.9,83.0,1.1,0.3,1.0,346.0,0.9,6.7,960.9,-1.7
2021-01-03T08:20:00,0.9,83.0,0.7,0.1,0.0,336.0,0.9,6.7,960.9,-1.7
2021-01-03T08:30:00,0.9,83.0,0.3,0.0,0.0,344.0,0.9,6.6,961.0,-1.7
2021-01-03T08:40:00,0.9,83.0,0.2,0.0,0.0,355.0,0.9,6.6,961.0,-1.6
2021-01-03T08:50:00,0.9,83.0,0.6,0.1,0.0,31.0,0.9,6.6,961.1,-1.7
2021-01-03T09:00:00,1.0,83.0,0.3,0.0,0.0,12.0,1.0,6.6,961.2,-1.6
2021-01-03T09:10:00,1.0,84.0,1.1,0.5,1.0,353.0,1.0,6.6,961.2,-1.4
2021-01-03T09:20:00,1.0,84.0,1.0,0.4,1.0,334.0,1.0,6.6,961.3,-1.3
2021-01-03T09:30:00,1.1,85.0,1.4,0.6,1.0,323.0,1.1,6.6,961.3,-1.1
2021-01-03T09:40:00,1.1,86.0,1.6,0.6,1.0,319.0,1.1,6.6,961.3,-1.0
2021-01-03T09:50:00,1.1,86.0,1.6,0.7,1.0,326.0,1.1,6.6,961.5,-1.0
2021-01-03T10:00:00,1.2,86.0,2.3,0.5,1.0,317.0,1.2,6.6,961.5,-0.9
2021-01-03T10:10:00,1.2,85.0,1.6,0.5,1.0,328.0,1.2,6.6,961.5,-1.0
2021-01-03T10:20:00,1.2,84.0,1.2,0.3,1.0,1.0,1.2,6.6,961.6,-1.1
2021-01-03T10:30:00,1.3,82.0,1.3,0.4,1.0,7.0,1.3,6.6,961.7,-1.4
2021-01-03T10:40:00,1.3,82.0,1.2,0.5,1.0,5.0,1.3,6.6,961.7,-1.4
2021-01-03T10:50:00,1.3,81.0,1.5,0.8,1.0,24.0,1.3,6.6,961.8,-1.6
2021-01-03T11:00:00,1.3,81.0,1.4,0.6,1.0,19.0,1.3,6.6,961.9,-1.6
2021-01-03T11:10:00,1.3,81.0,1.5,0.6,1.0,27.0,1.3,6.6,961.9,-1.6
2021-01-03T11:20:00,1.3,81.0,1.7,0.8,1.0,12.0,1.3,6.6,961.7,-1.6
2021-01-03T11:30:00,1.4,81.0,1.3,0.4,1.0,11.0,1.4,6.6,961.7,-1.5
2021-01-03T11:40:00,1.4,81.0,1.4,0.6,1.0,5.0,1.4,6.6,961.8,-1.5
2021-01-03T11:50:00,1.5,80.0,1.1,0.4,1.0,350.0,1.5,6.6,961.7,-1.5
2021-01-03T12:00:00,1.5,80.0,1.1,0.3,1.0,0.0,1.5,6.6,961.7,-1.6
2021-01-03T12:10:00,1.5,79.0,1.4,0.8,1.0,20.0,1.5,6.6,961.7,-1.7
2021-01-03T12:20:00,1.5,79.0,1.3,0.6,1.0,17.0,1.5,6.6,961.6,-1.7
2021-01-03T12:30:00,1.6,80.0,1.1,0.3,1.0,340.0,1.6,6.6,961.6,-1.5
2021-01-03T12:40:00,1.6,79.0,1.5,0.8,1.0,9.0,1.6,6.6,961.5,-1.6
2021-01-03T12:50:00,1.6,79.0,1.3,0.5,1.0,359.0,1.6,6.6,961.5,-1.6
2021-01-03T13:00:00,1.6,79.0,1.1,0.5,1.0,12.0,1.6,6.6,961.5,-1.6
2021-01-03T13:10:00,1.6,80.0,1.5,0.4,1.0,350.0,1.6,6.6,961.5,-1.5
2021-01-03T13:20:00,1.7,80.0,0.7,0.1,0.0,7.0,1.7,6.6,961.5,-1.4
2021-01-03T13:30:00,1.7,80.0,1.4,0.4,1.0,348.0,1.7,6.6,961.5,-1.3
2021-01-03T13:40:00,1.8,80.0,0.8,0.3,1.0,329.0,1.8,6.6,961.5,-1.3
2021-01-03T13:50:00,1.9,80.0,0.8,0.1,0.0,335.0,1.9,6.6,961.5,-1.2
2021-01-03T14:00:00,1.9,79.0,1.0,0.2,0.0,310.0,1.9,6.6,961.5,-1.4
2021-01-03T14:10:00,2.0,78.0,0.7,0.1,0.0,315.0,2.0,6.6,961.5,-1.4
2021-01-03T14:20:00,2.0,78.0,0.6,0.1,0.0,305.0,2.0,6.6,961.6,-1.5
2021-01-03T14:30:00,2.0,78.0,0.7,0.1,0.0,323.0,2.0,6.6,961.6,-1.5
2021-01-03T14:40:00,2.0,77.0,0.1,0.0,0.0,331.0,2.0,6.6,961.7,-1.5
2021-01-03T14:50:00,2.1,77.0,0.5,0.0,0.0,282.0,2.1,6.6,961.7,-1.6
2021-01-03T15:00:00,2.0,78.0,1.0,0.3,1.0,284.0,2.0,6.6,961.8,-1.4
2021-01-03T15:10:00,2.0,79.0,1.1,0.4,1.0,287.0,2.0,6.6,961.8,-1.3
2021-01-03T15:20:00,2.0,79.0,1.2,0.3,1.0,238.0,2.0,6.6,961.8,-1.3
2021-01-03T15:30:00,2.1,79.0,1.4,0.6,1.0,288.0,2.1,6.6,961.8,-1.3
2021-01-03T15:40:00,2.1,78.0,1.3,0.7,1.0,302.0,2.1,6.6,961.9,-1.4
2021-01-03T15:50:00,2.1,77.0,0.8,0.2,0.0,299.0,2.1,6.6,961.9,-1.4
2021-01-03T16:00:00,2.1,77.0,0.5,0.0,0.0,4.0,2.1,6.6,961.9,-1.5
2021-01-03T16:10:00,2.1,77.0,0.4,0.0,0.0,359.0,2.1,6.6,962.0,-1.5
2021-01-03T16:20:00,2.1,77.0,0.1,0.0,0.0,357.0,2.1,6.6,962.1,-1.5
2021-01-03T16:30:00,2.0,77.0,0.6,0.0,0.0,31.0,2.0,6.6,962.1,-1.5
2021-01-03T16:40:00,2.0,78.0,0.8,0.2,0.0,8.0,2.0,6.6,962.1,-1.5
2021-01-03T16:50:00,2.0,78.0,0.8,0.2,0.0,353.0,2.0,6.6,962.2,-1.5
2021-01-03T17:00:00,1.9,78.0,0.7,0.2,0.0,0.0,1.9,6.6,962.2,-1.5
2021-01-03T17:10:00,1.9,79.0,1.2,0.3,1.0,18.0,1.9,6.6,962.3,-1.4
2021-01-03T17:20:00,1.9,79.0,1.2,0.5,1.0,8.0,1.9,6.6,962.3,-1.3
2021-01-03T17:30:00,1.9,79.0,1.1,0.5,1.0,3.0,1.9,6.6,962.3,-1.4
2021-01-03T17:40:00,1.9,79.0,1.1,0.3,1.0,8.0,1.9,6.6,962.4,-1.4
2021-01-03T17:50:00,1.8,79.0,0.6,0.0,0.0,16.0,1.8,6.6,962.4,-1.4
2021-01-03T18:00:00,1.8,80.0,0.7,0.1,0.0,18.0,1.8,6.6,962.4,-1.3
2021-01-03T18:10:00,1.8,81.0,1.1,0.5,1.0,28.0,1.8,6.6,962.4,-1.2
2021-01-03T18:20:00,1.8,81.0,0.9,0.3,1.0,33.0,1.8,6.6,962.5,-1.2
2021-01-03T18:30:00,1.8,81.0,1.0,0.2,0.0,38.0,1.8,6.6,962.6,-1.1
2021-01-03T18:40:00,1.8,81.0,1.0,0.3,1.0,38.0,1.8,6.6,962.7,-1.1
2021-01-03T18:50:00,1.8,81.0,0.8,0.3,1.0,28.0,1.8,6.6,962.7,-1.1
2021-01-03T19:00:00,1.8,81.0,0.9,0.1,0.0,28.0,1.8,6.6,962.7,-1.1
2021-01-03T19:10:00,1.8,81.0,0.8,0.1,0.0,27.0,1.8,6.6,962.8,-1.1
2021-01-03T19:20:00,1.7,81.0,1.1,0.3,1.0,21.0,1.7,6.6,962.9,-1.1
2021-01-03T19:30:00,1.7,82.0,1.1,0.6,1.0,23.0,1.7,6.6,963.0,-1.1
2021-01-03T19:40:00,1.7,82.0,0.9,0.4,1.0,23.0,1.7,6.6,963.0,-1.0
2021-01-03T19:50:00,1.7,82.0,0.6,0.3,1.0,20.0,1.7,6.6,963.0,-1.0
2021-01-03T20:00:00,1.6,82.0,0.9,0.2,0.0,25.0,1.6,6.6,963.1,-1.0
2021-01-03T20:10:00,1.6,83.0,0.7,0.2,0.0,13.0,1.6,6.6,963.2,-1.0
2021-01-03T20:20:00,1.5,83.0,0.7,0.3,1.0,0.0,1.5,6.6,963.2,-1.0
2021-01-03T20:30:00,1.5,83.0,0.7,0.3,1.0,358.0,1.5,6.6,963.2,-1.1
2021-01-03T20:40:00,1.4,84.0,0.8,0.2,0.0,7.0,1.4,6.6,963.3,-1.1
2021-01-03T20:50:00,1.2,84.0,0.6,0.1,0.0,356.0,1.2,6.6,963.3,-1.2
2021-01-03T21:00:00,1.1,84.0,0.7,0.2,0.0,29.0,1.1,6.6,963.3,-1.2
2021-01-03T21:10:00,0.9,85.0,0.7,0.2,0.0,28.0,0.9,6.6,963.3,-1.3
2021-01-03T21:20:00,0.7,85.0,0.7,0.1,0.0,32.0,0.7,6.6,963.3,-1.4
2021-01-03T21:30:00,0.5,86.0,0.9,0.6,1.0,32.0,0.5,6.6,963.3,-1.5
2021-01-03T21:40:00,0.4,87.0,0.4,0.0,0.0,35.0,0.4,6.6,963.3,-1.5
2021-01-03T21:50:00,0.3,88.0,0.0,0.0,0.0,0.0,0.3,6.6,963.4,-1.5
2021-01-03T22:00:00,0.1,88.0,1.0,0.1,0.0,33.0,0.1,6.6,963.4,-1.7
2021-01-03T22:10:00,0.0,89.0,1.1,0.2,0.0,43.0,0.0,6.6,963.4,-1.6
2021-01-03T22:20:00,-0.1,89.0,0.8,0.1,0.0,49.0,-0.1,6.6,963.4,-1.7
2021-01-03T22:30:00,-0.2,90.0,0.0,0.0,0.0,277.0,-0.2,6.6,963.4,-1.6
2021-01-03T22:40:00,-0.2,90.0,0.6,0.1,0.0,350.0,-0.2,6.6,963.4,-1.6
2021-01-03T22:50:00,-0.3,90.0,0.2,0.0,0.0,21.0,-0.3,6.6,963.4,-1.7
2021-01-03T23:00:00,-0.3,89.0,1.1,0.4,1.0,44.0,-0.3,6.6,963.4,-1.8
2021-01-03T23:10:00,-0.3,90.0,0.9,0.5,1.0,44.0,-0.3,6.6,963.4,-1.8
2021-01-03T23:20:00,-0.3,90.0,0.9,0.5,1.0,50.0,-0.3,6.6,963.3,-1.8
2021-01-03T23:30:00,-0.3,89.0,0.9,0.4,1.0,55.0,-0.3,6.6,963.3,-1.8
2021-01-03T23:40:00,-0.3,89.0,0.8,0.1,0.0,74.0,-0.3,6.6,963.3,-1.9
2021-01-03T23:50:00,-0.4,89.0,1.0,0.4,1.0,69.0,-0.4,6.6,963.3,-2.0
2021-01-04T00:00:00,-0.6,90.0,1.0,0.5,1.0,51.0,-0.6,6.6,963.2,-2.0
2021-01-04T00:10:00,-0.6,90.0,0.9,0.4,1.0,54.0,-0.6,6.6,963.2,-2.0
2021-01-04T00:20:00,-0.7,91.0,1.1,0.6,1.0,42.0,-0.7,6.6,963.1,-2.0
2021-01-04T00:30:00,-0.7,91.0,1.3,0.9,1.0,46.0,-0.7,6.6,963.1,-2.0
2021-01-04T00:40:00,-0.8,91.0,1.3,0.8,1.0,50.0,-0.8,6.6,963.1,-2.1
2021-01-04T00:50:00,-0.9,90.0,1.2,0.5,1.0,53.0,-0.9,6.6,963.0,-2.2
2021-01-04T01:00:00,-0.9,91.0,0.9,0.2,0.0,65.0,-0.9,6.6,963.0,-2.3
2021-01-04T01:10:00,-1.0,91.0,0.0,0.0,0.0,41.0,-1.0,6.6,963.1,-2.3
2021-01-04T01:20:00,-1.0,91.0,1.0,0.2,0.0,45.0,-1.0,6.6,963.0,-2.3
2021-01-04T01:30:00,-1.0,92.0,0.8,0.2,0.0,43.0,-1.0,6.6,963.0,-2.1
2021-01-04T01:40:00,-0.9,93.0,0.0,0.0,0.0,0.0,-0.9,6.6,963.0,-1.9
2021-01-04T01:50:00,-0.9,92.0,0.9,0.1,0.0,57.0,-0.9,6.6,963.0,-2.0
2021-01-04T02:00:00,-0.9,92.0,0.9,0.3,1.0,59.0,-0.9,6.6,962.9,-2.1
2021-01-04T02:10:00,-0.9,92.0,0.8,0.2,0.0,44.0,-0.9,6.6,962.9,-2.1
2021-01-04T02:20:00,-0.8,92.0,0.9,0.3,1.0,25.0,-0.8,6.6,963.0,-2.0
2021-01-04T02:30:00,-0.8,92.0,0.7,0.2,0.0,4.0,-0.8,6.6,963.1,-1.9
2021-01-04T02:40:00,-0.8,92.0,0.0,0.0,0.0,0.0,-0.8,6.6,963.1,-1.9
2021-01-04T02:50:00,-0.7,92.0,1.3,0.1,0.0,334.0,-0.7,6.6,963.1,-1.9
2021-01-04T03:00:00,-0.6,92.0,0.3,0.0,0.0,56.0,-0.6,6.6,963.1,-1.7
2021-01-04T03:10:00,-0.5,92.0,0.0,0.0,0.0,357.0,-0.5,6.6,963.2,-1.7
2021-01-04T03:20:00,-0.4,92.0,0.7,0.1,0.0,351.0,-0.4,6.6,963.3,-1.5
2021-01-04T03:30:00,-0.3,92.0,1.2,0.5,1.0,344.0,-0.3,6.6,963.2,-1.4
2021-01-04T03:40:00,-0.2,92.0,1.1,0.1,0.0,348.0,-0.2,6.6,963.2,-1.3
2021-01-04T03:50:00,-0.1,92.0,1.0,0.3,1.0,340.0,-0.1,6.6,963.1,-1.2
2021-01-04T04:00:00,-0.1,92.0,1.7,0.4,1.0,306.0,-0.1,6.6,963.1,-1.1
2021-01-04T04:10:00,0.1,93.0,1.8,1.1,1.0,301.0,0.1,6.6,963.0,-0.9
2021-01-04T04:20:00,0.1,93.0,1.5,0.8,1.0,308.0,0.1,6.6,963.0,-0.8
2021-01-04T04:30:00,0.1,92.0,1.3,0.3,1.0,331.0,0.1,6.6,963.0,-0.9
2021-01-04T04:40:00,0.1,92.0,1.6,0.5,1.0,330.0,0.1,6.6,963.0,-1.0
2021-01-04T04:50:00,0.1,92.0,1.4,0.6,1.0,319.0,0.1,6.6,963.0,-1.1
2021-01-04T05:00:00,0.2,93.0,1.7,1.0,1.0,300.0,0.2,6.6,963.0,-0.8
2021-01-04T05:10:00,0.3,92.0,1.7,1.0,1.0,308.0,0.3,6.6,963.0,-0.8
2021-01-04T05:20:00,0.3,92.0,1.8,0.8,1.0,310.0,0.3,6.5,963.0,-0.8
2021-01-04T05:30:00,0.3,92.0,1.8,1.1,1.0,312.0,0.3,6.5,963.0,-0.9
2021-01-04T05:40:00,0.3,92.0,2.2,1.4,1.0,301.0,0.3,6.5,963.0,-0.8
2021-01-04T05:50:00,0.3,92.0,2.3,1.2,1.0,301.0,0.2,6.5,963.0,-0.9
2021-01-04T06:00:00,0.2,92.0,1.8,1.2,1.0,302.0,0.2,6.5,963.0,-0.9
2021-01-04T06:10:00,0.2,92.0,2.3,1.3,1.0,305.0,0.2,6.5,963.0,-0.8
2021-01-04T06:20:00,0.2,93.0,2.1,1.6,2.0,301.0,0.2,6.5,963.0,-0.8
2021-01-04T06:30:00,0.3,92.0,2.0,0.6,1.0,331.0,0.3,6.5,963.0,-0.8
2021-01-04T06:40:00,0.3,90.0,1.3,0.5,1.0,333.0,0.3,6.5,963.0,-1.1
2021-01-04T06:50:00,0.3,88.0,1.1,0.4,1.0,341.0,0.3,6.5,963.0,-1.4
2021-01-04T07:00:00,0.4,86.0,1.0,0.3,1.0,2.0,0.4,6.5,963.0,-1.7
2021-01-04T07:10:00,0.5,85.0,0.7,0.3,1.0,22.0,0.5,6.5,963.0,-1.8
2021-01-04T07:20:00,0.5,84.0,0.8,0.4,1.0,351.0,0.5,6.5,962.9,-1.8
2021-01-04T07:30:00,0.6,84.0,0.8,0.2,0.0,353.0,0.6,6.5,962.9,-1.8
2021-01-04T07:40:00,0.6,85.0,0.0,0.0,0.0,353.0,0.6,6.5,963.0,-1.7
2021-01-04T07:50:00,0.6,84.0,0.0,0.0,0.0,0.0,0.6,6.5,963.1,-1.9
2021-01-04T08:00:00,0.6,85.0,1.2,0.3,1.0,95.0,0.6,6.5,963.1,-1.7
2021-01-04T08:10:00,0.6,86.0,1.0,0.4,1.0,76.0,0.6,6.5,963.1,-1.6
2021-01-04T08:20:00,0.6,86.0,0.8,0.1,0.0,68.0,0.6,6.5,963.2,-1.5
2021-01-04T08:30:00,0.6,86.0,0.0,0.0,0.0,78.0,0.6,6.5,963.2,-1.5
2021-01-04T08:40:00,0.6,86.0,0.6,0.1,0.0,7.0,0.6,6.5,963.2,-1.4
2021-01-04T08:50:00,0.6,86.0,0.0,0.0,0.0,0.0,0.6,6.5,963.2,-1.5
2021-01-04T09:00:00,0.6,85.0,0.0,0.0,0.0,341.0,0.6,6.5,963.2,-1.5
2021-01-04T09:10:00,0.7,85.0,0.7,0.1,0.0,11.0,0.7,6.5,963.3,-1.6
2021-01-04T09:20:00,0.7,83.0,1.2,0.1,0.0,65.0,0.7,6.5,963.2,-1.8
2021-01-04T09:30:00,0.8,82.0,1.1,0.3,1.0,82.0,0.8,6.5,963.0,-2.0
2021-01-04T09:40:00,0.8,80.0,0.6,0.1,0.0,90.0,0.8,6.5,963.0,-2.2
2021-01-04T09:50:00,0.9,79.0,0.0,0.0,0.0,0.0,0.9,6.5,963.0,-2.2
2021-01-04T10:00:00,1.0,78.0,0.0,0.0,0.0,0.0,1.0,6.6,963.0,-2.3
2021-01-04T10:10:00,1.1,79.0,1.3,0.1,0.0,65.0,1.1,6.6,963.0,-2.2
2021-01-04T10:20:00,1.2,80.0,1.0,0.3,1.0,32.0,1.2,6.6,962.9,-2.0
2021-01-04T10:30:00,1.2,80.0,1.5,0.4,1.0,16.0,1.2,6.6,962.9,-1.9
2021-01-04T10:40:00,1.3,79.0,1.5,0.4,1.0,17.0,1.3,6.6,962.9,-2.0
2021-01-04T10:50:00,1.3,79.0,1.5,0.4,1.0,44.0,1.3,6.6,962.8,-2.0
2021-01-04T11:00:00,1.3,78.0,2.4,1.0,1.0,23.0,1.3,6.6,962.8,-2.1
2021-01-04T11:10:00,1.4,77.0,2.3,0.9,1.0,51.0,1.3,6.6,962.7,-2.2
2021-01-04T11:20:00,1.4,76.0,1.7,0.7,1.0,32.0,1.4,6.6,962.6,-2.3
2021-01-04T11:30:00,1.5,75.0,3.5,1.0,1.0,44.0,1.3,6.6,962.6,-2.4
2021-01-04T11:40:00,1.5,73.0,3.2,1.3,1.0,29.0,1.2,6.6,962.5,-2.7
2021-01-04T11:50:00,1.5,73.0,3.3,1.8,2.0,19.0,0.5,6.6,962.4,-2.9
2021-01-04T12:00:00,1.5,73.0,1.9,0.6,1.0,21.0,1.5,6.6,962.3,-2.8
2021-01-04T12:10:00,1.6,73.0,2.0,0.5,1.0,40.0,1.6,6.6,962.2,-2.7
2021-01-04T12:20:00,1.7,74.0,2.2,0.8,1.0,24.0,1.6,6.6,962.1,-2.5
2021-01-04T12:30:00,1.7,73.0,3.8,1.3,1.0,25.0,1.3,6.6,962.0,-2.6
2021-01-04T12:40:00,1.7,73.0,3.0,1.4,1.0,31.0,1.4,6.6,962.0,-2.5
2021-01-04T12:50:00,1.8,73.0,2.7,1.0,1.0,36.0,1.7,6.6,961.9,-2.4
2021-01-04T13:00:00,1.8,74.0,3.9,1.2,1.0,4.0,1.5,6.6,961.8,-2.4
2021-01-04T13:10:00,1.8,73.0,4.1,2.0,2.0,41.0,0.2,6.6,961.6,-2.5
2021-01-04T13:20:00,1.8,73.0,2.7,1.0,1.0,34.0,1.5,6.6,961.5,-2.5
2021-01-04T13:30:00,1.8,73.0,1.9,0.7,1.0,38.0,1.8,6.6,961.4,-2.5
2021-01-04T13:40:00,1.9,73.0,3.3,1.0,1.0,14.0,1.4,6.6,961.4,-2.5
2021-01-04T13:50:00,1.8,72.0,3.9,2.0,2.0,30.0,0.2,6.6,961.4,-2.6
2021-01-04T14:00:00,1.8,73.0,3.3,1.5,1.0,23.0,1.1,6.6,961.2,-2.6
2021-01-04T14:10:00,1.8,73.0,2.3,1.0,1.0,19.0,1.8,6.6,961.1,-2.5
2021-01-04T14:20:00,1.8,74.0,2.5,0.4,1.0,39.0,1.8,6.6,961.1,-2.3
2021-01-04T14:30:00,1.8,75.0,1.7,0.4,1.0,21.0,1.8,6.6,961.1,-2.2
2021-01-04T14:40:00,1.7,74.0,3.7,1.0,1.0,7.0,1.5,6.6,961.1,-2.3
2021-01-04T14:50:00,1.6,75.0,3.3,0.9,1.0,11.0,1.4,6.6,961.2,-2.5
2021-01-04T15:00:00,1.5,75.0,3.0,0.9,1.0,23.0,1.1,6.6,961.2,-2.5
2021-01-04T15:10:00,1.4,75.0,2.6,0.9,1.0,352.0,1.3,6.6,961.2,-2.5
2021-01-04T15:20:00,1.4,75.0,2.9,0.9,1.0,356.0,1.3,6.6,961.2,-2.6
2021-01-04T15:30:00,1.3,75.0,3.4,0.7,1.0,6.0,1.2,6.6,961.2,-2.6
2021-01-04T15:40:00,1.3,74.0,4.2,2.0,2.0,20.0,-0.4,6.6,961.3,-2.7
2021-01-04T15:50:00,1.2,75.0,2.4,0.7,1.0,22.0,1.2,6.6,961.4,-2.7
2021-01-04T16:00:00,1.2,75.0,2.6,0.9,1.0,355.0,1.2,6.6,961.4,-2.6
2021-01-04T16:10:00,1.2,76.0,3.7,1.5,1.0,13.0,0.5,6.6,961.4,-2.6
2021-01-04T16:20:00,1.1,76.0,3.3,1.0,1.0,20.0,1.0,6.6,961.4,-2.7
2021-01-04T16:30:00,1.1,76.0,4.3,1.3,1.0,8.0,0.6,6.6,961.5,-2.7
2021-01-04T16:40:00,1.0,76.0,3.4,1.2,1.0,33.0,0.7,6.6,961.4,-2.7
2021-01-04T16:50:00,0.9,76.0,3.1,1.0,1.0,359.0,0.7,6.6,961.4,-2.8
2021-01-04T17:00:00,0.9,76.0,3.7,1.2,1.0,23.0,0.6,6.6,961.4,-2.8
2021-01-04T17:10:00,0.9,76.0,4.1,1.3,1.0,7.0,0.4,6.6,961.4,-2.8
2021-01-04T17:20:00,0.8,77.0,2.7,0.8,1.0,21.0,0.6,6.6,961.4,-2.8
2021-01-04T17:30:00,0.8,77.0,2.9,0.7,1.0,38.0,0.6,6.6,961.4,-2.7
2021-01-04T17:40:00,0.8,77.0,3.3,1.3,1.0,27.0,0.5,6.6,961.3,-2.8
2021-01-04T17:50:00,0.8,76.0,4.0,1.6,2.0,17.0,-0.3,6.6,961.3,-2.9
2021-01-04T18:00:00,0.8,76.0,4.1,1.7,2.0,33.0,-0.5,6.6,961.3,-2.9
2021-01-04T18:10:00,0.8,77.0,4.0,1.7,2.0,18.0,-0.4,6.6,961.3,-2.8
2021-01-04T18:20:00,0.8,77.0,4.0,1.3,1.0,33.0,0.1,6.6,961.3,-2.8
2021-01-04T18:30:00,0.8,77.0,3.3,1.2,1.0,20.0,0.4,6.6,961.4,-2.8
2021-01-04T18:40:00,0.8,78.0,3.2,1.3,1.0,23.0,0.3,6.6,961.4,-2.6
2021-01-04T18:50:00,0.8,77.0,4.3,1.9,2.0,16.0,-0.5,6.6,961.4,-2.7
2021-01-04T19:00:00,0.8,77.0,4.2,1.4,1.0,17.0,0.1,6.6,961.4,-2.7
2021-01-04T19:10:00,0.8,77.0,3.5,1.2,1.0,13.0,0.4,6.5,961.4,-2.7
2021-01-04T19:20:00,0.8,77.0,3.5,1.0,1.0,39.0,0.5,6.6,961.3,-2.7
2021-01-04T19:30:00,0.8,77.0,4.6,1.2,1.0,30.0,0.2,6.5,961.3,-2.7
2021-01-04T19:40:00,0.7,77.0,2.7,1.0,1.0,20.0,0.7,6.6,961.3,-2.7
2021-01-04T19:50:00,0.7,78.0,2.5,0.7,1.0,11.0,0.7,6.6,961.1,-2.6
2021-01-04T20:00:00,0.7,78.0,2.7,0.9,1.0,13.0,0.7,6.6,961.1,-2.7
2021-01-04T20:10:00,0.7,78.0,3.7,1.3,1.0,20.0,0.1,6.6,961.1,-2.6
2021-01-04T20:20:00,0.7,78.0,2.5,1.0,1.0,39.0,0.6,6.5,961.1,-2.6
2021-01-04T20:30:00,0.7,78.0,3.4,1.3,1.0,27.0,0.3,6.5,961.1,-2.6
2021-01-04T20:40:00,0.7,78.0,3.3,1.0,1.0,18.0,0.5,6.5,961.1,-2.7
2021-01-04T20:50:00,0.7,78.0,2.7,0.9,1.0,28.0,0.6,6.5,961.1,-2.6
2021-01-04T21:00:00,0.7,78.0,1.9,0.9,1.0,15.0,0.7,6.6,961.1,-2.6
2021-01-04T21:10:00,0.7,78.0,3.4,1.2,1.0,19.0,0.5,6.5,961.0,-2.7
2021-01-04T21:20:00,0.7,78.0,3.4,1.1,1.0,28.0,0.4,6.5,961.0,-2.7
2021-01-04T21:30:00,0.6,78.0,3.9,1.6,2.0,34.0,-0.4,6.5,961.0,-2.7
2021-01-04T21:40:00,0.6,78.0,3.9,1.6,2.0,27.0,0.0,6.5,961.0,-2.8
2021-01-04T21:50:00,0.6,78.0,2.7,1.1,1.0,28.0,0.5,6.5,960.9,-2.9
2021-01-04T22:00:00,0.6,77.0,2.9,1.1,1.0,23.0,0.2,6.5,960.8,-2.9
2021-01-04T22:10:00,0.6,77.0,2.6,1.1,1.0,24.0,0.4,6.5,960.8,-2.9
2021-01-04T22:20:00,0.6,77.0,2.6,1.2,1.0,24.0,0.4,6.5,960.8,-2.9
2021-01-04T22:30:00,0.6,77.0,2.5,1.0,1.0,359.0,0.5,6.5,960.7,-2.9
2021-01-04T22:40:00,0.6,77.0,1.5,0.5,1.0,10.0,0.6,6.5,960.7,-2.9
2021-01-04T22:50:00,0.5,77.0,2.8,1.0,1.0,4.0,0.4,6.5,960.8,-2.9
2021-01-04T23:00:00,0.5,77.0,2.8,1.2,1.0,3.0,0.4,6.5,960.7,-2.9
2021-01-04T23:10:00,0.5,78.0,3.0,1.2,1.0,7.0,0.4,6.5,960.7,-2.9
2021-01-04T23:20:00,0.5,78.0,3.1,1.1,1.0,29.0,0.2,6.5,960.8,-2.9
2021-01-04T23:30:00,0.5,78.0,2.7,1.1,1.0,21.0,0.4,6.5,960.7,-2.9
2021-01-04T23:40:00,0.5,78.0,2.4,0.8,1.0,17.0,0.4,6.5,960.8,-2.9
2021-01-04T23:50:00,0.4,78.0,2.7,0.9,1.0,4.0,0.4,6.5,960.8,-2.9
2021-01-05T00:00:00,0.4,78.0,2.3,0.9,1.0,345.0,0.4,6.5,960.8,-2.9
2021-01-05T00:10:00,0.4,78.0,3.0,0.9,1.0,352.0,0.2,6.5,960.8,-2.9
2021-01-05T00:20:00,0.4,79.0,2.6,0.7,1.0,6.0,0.4,6.5,960.8,-2.8
2021-01-05T00:30:00,0.4,79.0,2.9,1.0,1.0,357.0,0.2,6.5,960.8,-2.8
2021-01-05T00:40:00,0.3,80.0,2.7,1.3,1.0,1.0,0.0,6.5,960.8,-2.8
2021-01-05T00:50:00,0.3,80.0,3.4,0.9,1.0,2.0,0.1,6.5,960.8,-2.7
2021-01-05T01:00:00,0.2,81.0,1.9,0.5,1.0,353.0,0.2,6.5,960.8,-2.7
2021-01-05T01:10:00,0.2,80.0,2.1,0.8,1.0,1.0,0.2,6.5,960.8,-2.7
2021-01-05T01:20:00,0.2,80.0,3.2,0.9,1.0,2.0,0.0,6.5,960.8,-2.8
2021-01-05T01:30:00,0.1,80.0,3.5,1.4,1.0,355.0,-0.5,6.5,960.8,-2.8
2021-01-05T01:40:00,0.1,81.0,2.9,1.2,1.0,360.0,-0.1,6.5,960.8,-2.8
2021-01-05T01:50:00,0.1,81.0,1.9,0.4,1.0,352.0,0.1,6.5,960.9,-2.8
2021-01-05T02:00:00,0.1,80.0,2.5,1.0,1.0,5.0,0.0,6.5,961.0,-2.9
2021-01-05T02:10:00,0.0,80.0,3.7,1.6,2.0,356.0,-1.1,6.5,961.2,-2.9
2021-01-05T02:20:00,0.0,80.0,2.5,1.1,1.0,352.0,0.0,6.5,961.2,-2.9
2021-01-05T02:30:00,0.0,80.0,2.1,0.7,1.0,355.0,0.0,6.5,961.3,-2.9
2021-01-05T02:40:00,0.0,80.0,2.6,1.1,1.0,8.0,0.0,6.5,961.3,-3.0
2021-01-05T02:50:00,0.0,80.0,2.7,0.9,1.0,31.0,0.0,6.5,961.4,-3.0
2021-01-05T03:00:00,0.0,80.0,3.4,1.5,1.0,19.0,-0.6,6.5,961.4,-3.0
2021-01-05T03:10:00,0.0,80.0,3.3,1.4,1.0,21.0,-0.5,6.5,961.4,-3.0
2021-01-05T03:20:00,0.0,80.0,3.6,2.0,2.0,22.0,-1.3,6.5,961.4,-3.0
2021-01-05T03:30:00,-0.1,80.0,3.6,2.1,2.0,24.0,-1.8,6.5,961.6,-3.1
2021-01-05T03:40:00,-0.1,80.0,2.6,1.2,1.0,14.0,-0.2,6.5,961.6,-3.1
2021-01-05T03:50:00,-0.1,80.0,2.8,1.1,1.0,12.0,-0.2,6.5,961.6,-3.0
2021-01-05T04:00:00,-0.1,81.0,1.9,0.5,1.0,358.0,-0.1,6.5,961.7,-3.0
2021-01-05T04:10:00,-0.1,81.0,1.6,0.4,1.0,338.0,-0.1,6.5,961.7,-3.0
2021-01-05T04:20:00,0.0,82.0,2.1,0.7,1.0,296.0,0.0,6.5,961.8,-2.7
2021-01-05T04:30:00,0.0,83.0,3.4,1.3,1.0,304.0,-0.4,6.5,961.9,-2.5
2021-01-05T04:40:00,0.1,84.0,4.1,1.8,2.0,293.0,-0.8,6.5,962.0,-2.3
2021-01-05T04:50:00,0.1,83.0,3.2,1.3,1.0,305.0,-0.3,6.5,962.1,-2.5
2021-01-05T05:00:00,0.1,83.0,2.4,1.6,2.0,309.0,-0.1,6.5,962.2,-2.4
2021-01-05T05:10:00,0.0,81.0,2.4,1.1,1.0,354.0,-0.1,6.5,962.3,-2.8
2021-01-05T05:20:00,0.0,81.0,2.3,0.5,1.0,3.0,-0.1,6.5,962.2,-2.8
2021-01-05T05:30:00,-0.1,82.0,1.8,0.7,1.0,347.0,-0.1,6.5,962.2,-2.8
2021-01-05T05:40:00,-0.1,81.0,1.0,0.2,0.0,4.0,-0.1,6.5,962.3,-2.9
2021-01-05T05:50:00,-0.1,82.0,1.7,0.3,1.0,356.0,-0.1,6.5,962.4,-2.8
2021-01-05T06:00:00,-0.1,81.0,1.3,0.3,1.0,335.0,-0.1,6.5,962.5,-2.9
2021-01-05T06:10:00,-0.1,82.0,1.8,0.5,1.0,322.0,-0.1,6.5,962.6,-2.7
2021-01-05T06:20:00,0.0,84.0,2.1,1.0,1.0,311.0,0.0,6.5,962.6,-2.4
2021-01-05T06:30:00,0.0,84.0,3.0,1.2,1.0,315.0,-0.1,6.5,962.6,-2.3
2021-01-05T06:40:00,0.0,83.0,1.3,0.5,1.0,359.0,0.0,6.5,962.7,-2.5
2021-01-05T06:50:00,0.0,82.0,1.3,0.7,1.0,13.0,0.0,6.5,962.8,-2.6
2021-01-05T07:00:00,0.0,82.0,1.8,1.0,1.0,356.0,0.0,6.5,962.8,-2.7
2021-01-05T07:10:00,0.0,83.0,1.3,0.6,1.0,1.0,0.0,6.5,962.8,-2.6
2021-01-05T07:20:00,0.0,83.0,0.8,0.4,1.0,13.0,0.0,6.5,962.9,-2.5
2021-01-05T07:30:00,0.0,83.0,1.2,0.4,1.0,15.0,0.0,6.5,962.9,-2.5
2021-01-05T07:40:00,0.0,83.0,1.1,0.3,1.0,342.0,0.0,6.5,962.9,-2.5
2021-01-05T07:50:00,-0.1,83.0,1.3,0.6,1.0,0.0,-0.1,6.5,962.9,-2.5
2021-01-05T08:00:00,-0.1,83.0,1.2,0.3,1.0,9.0,-0.1,6.5,962.9,-2.6
2021-01-05T08:10:00,-0.1,83.0,0.9,0.1,0.0,1.0,-0.1,6.5,962.9,-2.6
2021-01-05T08:20:00,-0.1,83.0,0.9,0.3,1.0,16.0,-0.1,6.5,963.0,-2.6
2021-01-05T08:30:00,-0.1,84.0,0.9,0.4,1.0,10.0,-0.1,6.5,963.0,-2.6
2021-01-05T08:40:00,-0.2,84.0,1.6,0.6,1.0,8.0,-0.2,6.5,963.1,-2.6
2021-01-05T08:50:00,-0.2,84.0,1.5,0.6,1.0,12.0,-0.2,6.5,963.0,-2.5
2021-01-05T09:00:00,-0.2,85.0,1.1,0.2,0.0,25.0,-0.2,6.5,963.1,-2.4
2021-01-05T09:10:00,-0.2,85.0,1.8,0.8,1.0,53.0,-0.2,6.5,963.1,-2.3
2021-01-05T09:20:00,-0.2,85.0,1.1,0.5,1.0,356.0,-0.2,6.5,963.0,-2.3
2021-01-05T09:30:00,-0.2,85.0,1.9,1.1,1.0,4.0,-0.2,6.5,963.0,-2.4
2021-01-05T09:40:00,-0.2,85.0,1.4,0.3,1.0,5.0,-0.2,6.5,963.0,-2.4
2021-01-05T09:50:00,-0.2,85.0,0.5,0.1,0.0,13.0,-0.2,6.5,963.1,-2.4
2021-01-05T10:00:00,-0.1,85.0,1.7,0.4,1.0,55.0,-0.1,6.5,963.1,-2.4
2021-01-05T10:10:00,-0.1,85.0,1.4,0.5,1.0,46.0,-0.1,6.5,963.1,-2.3
2021-01-05T10:20:00,0.0,85.0,1.0,0.4,1.0,45.0,0.0,6.5,963.2,-2.3
2021-01-05T10:30:00,0.0,84.0,1.2,0.7,1.0,22.0,0.0,6.5,963.2,-2.4
2021-01-05T10:40:00,0.0,84.0,1.6,0.5,1.0,41.0,0.0,6.5,963.2,-2.4
2021-01-05T10:50:00,0.0,83.0,1.4,0.6,1.0,20.0,0.0,6.5,963.2,-2.5
2021-01-05T11:00:00,0.0,83.0,0.8,0.1,0.0,52.0,0.0,6.5,963.2,-2.5
2021-01-05T11:10:00,0.1,83.0,1.0,0.3,1.0,26.0,0.1,6.5,963.1,-2.4
2021-01-05T11:20:00,0.2,82.0,1.0,0.2,0.0,22.0,0.2,6.5,963.1,-2.6
2021-01-05T11:30:00,0.2,82.0,0.9,0.2,0.0,19.0,0.2,6.5,963.0,-2.6
2021-01-05T11:40:00,0.2,82.0,0.0,0.0,0.0,342.0,0.2,6.5,963.0,-2.5
2021-01-05T11:50:00,0.3,82.0,1.7,0.6,1.0,59.0,0.3,6.5,963.0,-2.5
2021-01-05T12:00:00,0.3,81.0,1.5,0.5,1.0,33.0,0.3,6.5,962.9,-2.5
2021-01-05T12:10:00,0.4,81.0,1.8,0.7,1.0,65.0,0.4,6.5,962.9,-2.5
2021-01-05T12:20:00,0.4,80.0,2.0,0.8,1.0,50.0,0.4,6.5,962.9,-2.6
2021-01-05T12:30:00,0.5,79.0,1.5,0.9,1.0,46.0,0.5,6.5,962.9,-2.7
2021-01-05T12:40:00,0.5,79.0,1.8,1.0,1.0,47.0,0.5,6.5,962.8,-2.7
2021-01-05T12:50:00,0.5,79.0,1.9,0.7,1.0,41.0,0.5,6.5,962.7,-2.7
2021-01-05T13:00:00,0.6,79.0,0.9,0.2,0.0,27.0,0.6,6.5,962.5,-2.6
2021-01-05T13:10:00,0.7,78.0,1.3,0.7,1.0,352.0,0.7,6.5,962.4,-2.6
2021-01-05T13:20:00,0.7,78.0,1.2,0.4,1.0,347.0,0.7,6.5,962.3,-2.8
2021-01-05T13:30:00,0.7,77.0,1.8,0.7,1.0,350.0,0.7,6.5,962.2,-2.8
2021-01-05T13:40:00,0.7,78.0,1.4,0.7,1.0,341.0,0.7,6.5,962.2,-2.7
2021-01-05T13:50:00,0.7,78.0,1.5,0.8,1.0,357.0,0.7,6.5,962.1,-2.8
2021-01-05T14:00:00,0.7,77.0,1.9,0.8,1.0,5.0,0.7,6.5,962.1,-2.8
2021-01-05T14:10:00,0.7,77.0,2.0,0.9,1.0,348.0,0.7,6.5,962.1,-2.9
2021-01-05T14:20:00,0.6,77.0,1.9,0.8,1.0,359.0,0.6,6.5,962.1,-2.9
2021-01-05T14:30:00,0.6,77.0,1.2,0.4,1.0,11.0,0.6,6.5,962.2,-2.8
2021-01-05T14:40:00,0.6,77.0,1.7,0.8,1.0,346.0,0.6,6.5,962.2,-2.9
2021-01-05T14:50:00,0.6,78.0,1.5,0.7,1.0,350.0,0.6,6.5,962.2,-2.8
2021-01-05T15:00:00,0.6,77.0,1.6,0.7,1.0,351.0,0.6,6.5,962.2,-3.0
2021-01-05T15:10:00,0.6,77.0,1.2,0.5,1.0,355.0,0.6,6.5,962.2,-3.0
2021-01-05T15:20:00,0.6,77.0,1.2,0.5,1.0,3.0,0.6,6.5,962.2,-3.0
2021-01-05T15:30:00,0.6,77.0,1.2,0.4,1.0,4.0,0.6,6.5,962.3,-2.9
2021-01-05T15:40:00,0.6,77.0,1.5,0.8,1.0,2.0,0.6,6.5,962.4,-2.9
2021-01-05T15:50:00,0.6,77.0,1.3,0.5,1.0,7.0,0.6,6.5,962.5,-3.0
2021-01-05T16:00:00,0.6,77.0,1.4,0.5,1.0,352.0,0.6,6.5,962.5,-2.9
2021-01-05T16:10:00,0.6,77.0,1.1,0.4,1.0,4.0,0.6,6.5,962.6,-2.9
2021-01-05T16:20:00,0.6,77.0,1.4,0.6,1.0,15.0,0.6,6.5,962.6,-3.0
2021-01-05T16:30:00,0.6,77.0,1.4,0.8,1.0,4.0,0.6,6.5,962.6,-3.0
2021-01-05T16:40:00,0.5,77.0,2.2,1.0,1.0,360.0,0.5,6.5,962.6,-2.9
2021-01-05T16:50:00,0.5,77.0,2.4,0.8,1.0,356.0,0.5,6.5,962.6,-3.0
2021-01-05T17:00:00,0.5,78.0,1.9,0.6,1.0,346.0,0.5,6.5,962.6,-2.9
2021-01-05T17:10:00,0.5,78.0,1.1,0.3,1.0,358.0,0.5,6.5,962.6,-2.9
2021-01-05T17:20:00,0.5,77.0,1.8,0.5,1.0,6.0,0.5,6.5,962.7,-3.1
2021-01-05T17:30:00,0.5,77.0,1.2,0.5,1.0,8.0,0.5,6.5,962.7,-3.1
2021-01-05T17:40:00,0.5,77.0,1.8,0.8,1.0,4.0,0.5,6.5,962.7,-3.1
2021-01-05T17:50:00,0.5,77.0,1.7,0.9,1.0,4.0,0.5,6.5,962.7,-3.0
2021-01-05T18:00:00,0.5,77.0,1.4,0.8,1.0,2.0,0.5,6.5,962.7,-3.1
2021-01-05T18:10:00,0.5,76.0,1.8,0.8,1.0,357.0,0.5,6.5,962.7,-3.1
2021-01-05T18:20:00,0.5,76.0,1.7,0.7,1.0,6.0,0.5,6.5,962.8,-3.2
2021-01-05T18:30:00,0.5,78.0,1.5,0.6,1.0,332.0,0.5,6.5,962.8,-2.9
2021-01-05T18:40:00,0.5,78.0,1.5,0.7,1.0,326.0,0.5,6.5,962.8,-2.9
2021-01-05T18:50:00,0.5,77.0,1.4,0.3,1.0,337.0,0.5,6.5,962.8,-3.0
2021-01-05T19:00:00,0.5,77.0,1.2,0.4,1.0,344.0,0.5,6.5,962.9,-3.1
2021-01-05T19:10:00,0.5,76.0,0.9,0.0,0.0,343.0,0.5,6.5,962.8,-3.2
2021-01-05T19:20:00,0.5,76.0,1.6,0.4,1.0,7.0,0.5,6.5,962.9,-3.3
2021-01-05T19:30:00,0.5,75.0,3.3,1.3,1.0,47.0,0.0,6.5,962.9,-3.3
2021-01-05T19:40:00,0.5,74.0,3.7,1.7,2.0,39.0,-0.6,6.5,962.9,-3.5
2021-01-05T19:50:00,0.5,74.0,3.3,1.2,1.0,49.0,0.0,6.5,962.9,-3.5
2021-01-05T20:00:00,0.5,75.0,2.6,0.9,1.0,44.0,0.4,6.5,963.0,-3.4
2021-01-05T20:10:00,0.4,75.0,3.6,1.6,2.0,4.0,-0.2,6.5,962.9,-3.5
2021-01-05T20:20:00,0.4,75.0,2.8,1.3,1.0,7.0,0.1,6.5,963.0,-3.6
2021-01-05T20:30:00,0.4,75.0,2.2,0.8,1.0,21.0,0.4,6.5,963.0,-3.5
2021-01-05T20:40:00,0.4,75.0,1.6,0.7,1.0,9.0,0.4,6.5,963.0,-3.5
2021-01-05T20:50:00,0.4,75.0,1.7,0.7,1.0,15.0,0.4,6.5,962.9,-3.5
2021-01-05T21:00:00,0.3,75.0,1.5,0.5,1.0,356.0,0.3,6.5,962.8,-3.5
2021-01-05T21:10:00,0.3,75.0,0.7,0.1,0.0,15.0,0.3,6.5,962.8,-3.5
2021-01-05T21:20:00,0.3,76.0,0.2,0.0,0.0,104.0,0.3,6.5,962.7,-3.5
2021-01-05T21:30:00,0.3,77.0,0.4,0.0,0.0,291.0,0.3,6.5,962.7,-3.3
2021-01-05T21:40:00,0.3,76.0,0.0,0.0,0.0,0.0,0.3,6.5,962.7,-3.4
2021-01-05T21:50:00,0.3,77.0,0.0,0.0,0.0,358.0,0.3,6.5,962.7,-3.3
2021-01-05T22:00:00,0.3,77.0,0.5,0.0,0.0,109.0,0.3,6.5,962.7,-3.2
2021-01-05T22:10:00,0.3,77.0,0.4,0.1,0.0,319.0,0.3,6.5,962.6,-3.2
2021-01-05T22:20:00,0.3,76.0,0.8,0.1,0.0,321.0,0.3,6.5,962.6,-3.4
2021-01-05T22:30:00,0.3,77.0,0.7,0.0,0.0,349.0,0.3,6.5,962.6,-3.3
2021-01-05T22:40:00,0.3,76.0,0.6,0.0,0.0,344.0,0.3,6.5,962.6,-3.5
2021-01-05T22:50:00,0.3,76.0,1.0,0.2,0.0,352.0,0.3,6.5,962.7,-3.4
2021-01-05T23:00:00,0.2,75.0,0.6,0.1,0.0,7.0,0.2,6.5,962.7,-3.6
2021-01-05T23:10:00,0.2,76.0,0.9,0.1,0.0,71.0,0.2,6.5,962.6,-3.4
2021-01-05T23:20:00,0.2,75.0,0.7,0.0,0.0,75.0,0.2,6.5,962.6,-3.7
2021-01-05T23:30:00,0.2,75.0,0.1,0.0,0.0,93.0,0.2,6.5,962.6,-3.7
2021-01-05T23:40:00,0.2,75.0,0.0,0.0,0.0,0.0,0.2,6.5,962.6,-3.6
2021-01-05T23:50:00,0.2,75.0,0.0,0.0,0.0,0.0,0.2,6.5,962.6,-3.7
2021-01-06T00:00:00,0.2,75.0,0.1,0.0,0.0,112.0,0.2,6.5,962.6,-3.6
2021-01-06T00:10:00,0.2,75.0,0.4,0.0,0.0,107.0,0.2,6.5,962.6,-3.7
2021-01-06T00:20:00,0.2,75.0,0.0,0.0,0.0,0.0,0.2,6.5,962.5,-3.6
2021-01-06T00:30:00,0.3,75.0,0.0,0.0,0.0,351.0,0.3,6.5,962.4,-3.7
2021-01-06T00:40:00,0.3,74.0,0.0,0.0,0.0,28.0,0.3,6.5,962.4,-3.7
2021-01-06T00:50:00,0.3,74.0,0.0,0.0,0.0,351.0,0.3,6.5,962.3,-3.8
2021-01-06T01:00:00,0.3,74.0,0.0,0.0,0.0,7.0,0.3,6.5,962.3,-3.9
2021-01-06T01:10:00,0.3,74.0,0.6,0.1,0.0,71.0,0.3,6.5,962.4,-3.9
2021-01-06T01:20:00,0.3,74.0,0.8,0.2,0.0,66.0,0.3,6.5,962.4,-3.8
2021-01-06T01:30:00,0.3,74.0,1.4,0.5,1.0,34.0,0.3,6.5,962.5,-3.7
2021-01-06T01:40:00,0.3,75.0,1.2,0.5,1.0,11.0,0.3,6.5,962.5,-3.5
2021-01-06T01:50:00,0.3,76.0,1.7,0.6,1.0,359.0,0.3,6.5,962.5,-3.4
2021-01-06T02:00:00,0.3,76.0,1.0,0.1,0.0,334.0,0.3,6.5,962.5,-3.4
2021-01-06T02:10:00,0.3,77.0,1.0,0.2,0.0,316.0,0.3,6.5,962.5,-3.2
2021-01-06T02:20:00,0.3,76.0,2.0,0.3,1.0,317.0,0.3,6.5,962.5,-3.3
2021-01-06T02:30:00,0.3,76.0,0.9,0.4,1.0,358.0,0.3,6.5,962.5,-3.3
2021-01-06T02:40:00,0.3,77.0,1.6,0.9,1.0,345.0,0.3,6.5,962.6,-3.3
2021-01-06T02:50:00,0.3,77.0,2.1,1.0,1.0,3.0,0.3,6.5,962.6,-3.2
2021-01-06T03:00:00,0.3,78.0,1.1,0.4,1.0,6.0,0.3,6.5,962.7,-3.2
2021-01-06T03:10:00,0.2,78.0,1.0,0.2,0.0,353.0,0.2,6.5,962.7,-3.2
2021-01-06T03:20:00,0.2,78.0,1.6,0.8,1.0,2.0,0.2,6.5,962.7,-3.2
2021-01-06T03:30:00,0.2,78.0,1.2,0.6,1.0,8.0,0.2,6.5,962.6,-3.1
2021-01-06T03:40:00,0.2,79.0,0.9,0.3,1.0,352.0,0.2,6.5,962.6,-3.1
2021-01-06T03:50:00,0.2,79.0,1.0,0.3,1.0,2.0,0.2,6.5,962.7,-3.1
2021-01-06T04:00:00,0.2,79.0,1.0,0.4,1.0,21.0,0.2,6.5,962.7,-3.1
2021-01-06T04:10:00,0.2,79.0,0.8,0.3,1.0,31.0,0.2,6.5,962.7,-3.0
2021-01-06T04:20:00,0.1,79.0,0.8,0.3,1.0,27.0,0.1,6.4,962.6,-3.0
2021-01-06T04:30:00,0.1,80.0,0.6,0.1,0.0,42.0,0.1,6.5,962.6,-2.9
2021-01-06T04:40:00,0.1,80.0,0.6,0.3,1.0,27.0,0.1,6.5,962.6,-2.9
2021-01-06T04:50:00,0.1,80.0,0.9,0.3,1.0,12.0,0.1,6.5,962.6,-2.9
2021-01-06T05:00:00,0.1,80.0,2.0,0.3,1.0,305.0,0.1,6.5,962.6,-2.9
2021-01-06T05:10:00,0.3,82.0,2.5,1.6,2.0,270.0,0.2,6.5,962.6,-2.4
2021-01-06T05:20:00,0.3,81.0,2.1,1.3,1.0,272.0,0.3,6.5,962.6,-2.6
2021-01-06T05:30:00,0.3,81.0,1.9,1.0,1.0,254.0,0.3,6.5,962.6,-2.6
2021-01-06T05:40:00,0.2,82.0,1.4,0.6,1.0,262.0,0.2,6.4,962.6,-2.5
2021-01-06T05:50:00,0.1,83.0,1.5,0.4,1.0,156.0,0.1,6.4,962.7,-2.4
2021-01-06T06:00:00,0.0,86.0,1.3,0.7,1.0,112.0,0.0,6.4,962.7,-2.1
2021-01-06T06:10:00,-0.1,87.0,1.3,0.7,1.0,52.0,-0.1,6.5,962.8,-2.1
2021-01-06T06:20:00,-0.2,88.0,1.3,0.5,1.0,70.0,-0.2,6.5,962.8,-2.0
2021-01-06T06:30:00,-0.3,89.0,1.0,0.3,1.0,66.0,-0.3,6.5,962.9,-1.9
2021-01-06T06:40:00,-0.4,90.0,1.1,0.3,1.0,62.0,-0.4,6.5,962.9,-1.7
2021-01-06T06:50:00,-0.4,92.0,1.1,0.4,1.0,75.0,-0.4,6.5,963.0,-1.6
2021-01-06T07:00:00,-0.5,92.0,0.7,0.2,0.0,86.0,-0.5,6.5,963.0,-1.6
2021-01-06T07:10:00,-0.6,92.0,0.2,0.0,0.0,101.0,-0.6,6.5,963.0,-1.7
2021-01-06T07:20:00,-0.6,92.0,0.5,0.0,0.0,19.0,-0.6,6.4,963.0,-1.7
2021-01-06T07:30:00,-0.6,93.0,1.1,0.1,0.0,13.0,-0.6,6.5,963.0,-1.6
2021-01-06T07:40:00,-0.5,92.0,1.4,0.5,1.0,34.0,-0.5,6.5,963.1,-1.6
2021-01-06T07:50:00,-0.5,91.0,2.0,1.0,1.0,58.0,-0.5,6.5,963.2,-1.7
2021-01-06T08:00:00,-0.4,90.0,1.0,0.3,1.0,112.0,-0.4,6.5,963.3,-1.8
2021-01-06T08:10:00,-0.3,92.0,1.2,0.2,0.0,36.0,-0.3,6.4,963.4,-1.5
2021-01-06T08:20:00,-0.4,93.0,1.4,0.3,1.0,23.0,-0.4,6.4,963.5,-1.4
2021-01-06T08:30:00,-0.3,93.0,1.8,0.4,1.0,178.0,-0.3,6.4,963.5,-1.4
2021-01-06T08:40:00,-0.4,93.0,0.2,0.0,0.0,149.0,-0.4,6.4,963.6,-1.4
2021-01-06T08:50:00,-0.4,92.0,0.9,0.2,0.0,172.0,-0.4,6.4,963.7,-1.5
2021-01-06T09:00:00,-0.4,91.0,0.8,0.2,0.0,47.0,-0.4,6.4,963.8,-1.6
2021-01-06T09:10:00,-0.4,92.0,0.5,0.0,0.0,131.0,-0.4,6.4,963.9,-1.5
2021-01-06T09:20:00,-0.3,92.0,1.2,0.3,1.0,11.0,-0.3,6.4,964.0,-1.4
2021-01-06T09:30:00,-0.3,92.0,0.9,0.3,1.0,122.0,-0.3,6.4,964.1,-1.3
2021-01-06T09:40:00,-0.3,93.0,0.6,0.1,0.0,160.0,-0.3,6.4,964.2,-1.3
2021-01-06T09:50:00,-0.2,93.0,0.8,0.0,0.0,144.0,-0.2,6.4,964.3,-1.3
2021-01-06T10:00:00,-0.2,92.0,0.9,0.3,1.0,121.0,-0.2,6.4,964.4,-1.3
2021-01-06T10:10:00,-0.2,92.0,0.9,0.2,0.0,133.0,-0.2,6.4,964.4,-1.3
2021-01-06T10:20:00,-0.1,92.0,0.2,0.0,0.0,122.0,-0.1,6.4,964.5,-1.3
2021-01-06T10:30:00,0.0,92.0,0.7,0.1,0.0,141.0,0.0,6.4,964.6,-1.2
2021-01-06T10:40:00,0.1,93.0,1.3,0.3,1.0,139.0,0.1,6.4,964.6,-1.0
2021-01-06T10:50:00,0.1,92.0,1.3,0.3,1.0,135.0,0.1,6.4,964.8,-1.0
2021-01-06T11:00:00,0.1,92.0,1.6,0.5,1.0,126.0,0.1,6.4,964.8,-1.0
2021-01-06T11:10:00,0.1,91.0,1.2,0.4,1.0,129.0,0.1,6.4,964.9,-1.1
2021-01-06T11:20:00,0.1,91.0,0.6,0.0,0.0,123.0,0.1,6.4,964.8,-1.2
2021-01-06T11:30:00,0.2,91.0,1.0,0.2,0.0,130.0,0.2,6.4,964.7,-1.1
2021-01-06T11:40:00,0.3,90.0,1.3,0.4,1.0,139.0,0.3,6.4,964.7,-1.1
2021-01-06T11:50:00,0.5,88.0,1.6,0.8,1.0,143.0,0.5,6.4,964.6,-1.3
2021-01-06T12:00:00,0.5,86.0,1.7,0.7,1.0,247.0,0.5,6.4,964.6,-1.6
2021-01-06T12:10:00,0.6,84.0,1.7,0.6,1.0,160.0,0.6,6.4,964.5,-1.8
2021-01-06T12:20:00,0.6,83.0,1.1,0.2,0.0,198.0,0.6,6.4,964.5,-1.9
2021-01-06T12:30:00,0.6,84.0,2.5,1.0,1.0,135.0,0.6,6.4,964.5,-1.8
2021-01-06T12:40:00,0.6,84.0,2.2,0.8,1.0,166.0,0.6,6.4,964.5,-1.8
2021-01-06T12:50:00,0.6,85.0,2.9,1.3,1.0,133.0,0.5,6.4,964.5,-1.7
2021-01-06T13:00:00,0.5,85.0,2.8,1.2,1.0,125.0,0.4,6.4,964.5,-1.6
2021-01-06T13:10:00,0.5,86.0,2.7,1.1,1.0,90.0,0.4,6.4,964.4,-1.5
2021-01-06T13:20:00,0.5,88.0,2.8,0.9,1.0,40.0,0.4,6.4,964.4,-1.3
2021-01-06T13:30:00,0.4,88.0,1.8,0.8,1.0,70.0,0.4,6.4,964.4,-1.4
2021-01-06T13:40:00,0.4,89.0,0.9,0.1,0.0,180.0,0.4,6.4,964.3,-1.3
2021-01-06T13:50:00,0.3,90.0,0.5,0.1,0.0,134.0,0.3,6.4,964.4,-1.1
2021-01-06T14:00:00,0.3,91.0,1.0,0.3,1.0,111.0,0.3,6.4,964.4,-0.9
2021-01-06T14:10:00,0.3,93.0,1.1,0.4,1.0,123.0,0.3,6.4,964.5,-0.7
2021-01-06T14:20:00,0.3,93.0,1.4,0.5,1.0,124.0,0.3,6.4,964.5,-0.7
2021-01-06T14:30:00,0.3,93.0,1.2,0.2,0.0,132.0,0.3,6.4,964.5,-0.7
2021-01-06T14:40:00,0.4,93.0,1.3,0.3,1.0,123.0,0.4,6.4,964.6,-0.7
2021-01-06T14:50:00,0.4,92.0,1.6,0.9,1.0,122.0,0.4,6.4,964.6,-0.8
2021-01-06T15:00:00,0.4,92.0,1.1,0.3,1.0,150.0,0.4,6.4,964.7,-0.8
2021-01-06T15:10:00,0.5,91.0,1.3,0.3,1.0,161.0,0.5,6.4,964.8,-0.8
2021-01-06T15:20:00,0.6,92.0,1.5,0.4,1.0,158.0,0.6,6.4,964.9,-0.6
2021-01-06T15:30:00,0.6,91.0,2.0,0.8,1.0,142.0,0.6,6.4,964.9,-0.7
2021-01-06T15:40:00,0.6,87.0,2.6,1.0,1.0,180.0,0.5,6.4,965.0,-1.3
2021-01-06T15:50:00,0.6,87.0,2.7,0.7,1.0,170.0,0.5,6.4,965.0,-1.3
2021-01-06T16:00:00,0.7,88.0,2.1,0.7,1.0,29.0,0.7,6.4,965.0,-1.1
2021-01-06T16:10:00,0.7,88.0,1.8,0.5,1.0,46.0,0.7,6.4,965.0,-1.0
2021-01-06T16:20:00,0.7,87.0,1.5,0.5,1.0,175.0,0.7,6.4,965.1,-1.3
2021-01-06T16:30:00,0.7,85.0,2.0,0.8,1.0,39.0,0.7,6.4,965.1,-1.5
2021-01-06T16:40:00,0.8,84.0,1.8,0.5,1.0,59.0,0.8,6.4,965.1,-1.6
2021-01-06T16:50:00,0.8,85.0,2.5,1.2,1.0,88.0,0.7,6.4,965.2,-1.4
2021-01-06T17:00:00,0.8,85.0,1.7,0.9,1.0,210.0,0.8,6.4,965.2,-1.5
2021-01-06T17:10:00,0.7,86.0,1.2,0.4,1.0,230.0,0.7,6.4,965.2,-1.4
2021-01-06T17:20:00,0.6,87.0,1.0,0.2,0.0,63.0,0.6,6.4,965.3,-1.3
2021-01-06T17:30:00,0.6,89.0,2.6,0.3,1.0,162.0,0.6,6.4,965.3,-0.9
2021-01-06T17:40:00,0.6,90.0,0.9,0.4,1.0,105.0,0.6,6.4,965.4,-0.9
2021-01-06T17:50:00,0.5,91.0,0.7,0.2,0.0,96.0,0.5,6.4,965.4,-0.8
2021-01-06T18:00:00,0.4,92.0,1.1,0.4,1.0,109.0,0.4,6.4,965.5,-0.7
2021-01-06T18:10:00,0.4,92.0,1.0,0.3,1.0,130.0,0.4,6.4,965.6,-0.7
2021-01-06T18:20:00,0.4,92.0,1.3,0.3,1.0,122.0,0.4,6.4,965.7,-0.7
2021-01-06T18:30:00,0.5,92.0,1.1,0.2,0.0,134.0,0.5,6.4,965.8,-0.7
2021-01-06T18:40:00,0.5,92.0,1.1,0.3,1.0,126.0,0.5,6.4,965.8,-0.7
2021-01-06T18:50:00,0.5,92.0,1.0,0.2,0.0,130.0,0.5,6.4,965.9,-0.6
2021-01-06T19:00:00,0.5,92.0,0.8,0.2,0.0,141.0,0.5,6.4,965.9,-0.6
2021-01-06T19:10:00,0.6,92.0,1.9,0.4,1.0,164.0,0.6,6.4,966.0,-0.6
2021-01-06T19:20:00,0.8,90.0,2.6,1.4,1.0,179.0,0.6,6.4,966.0,-0.6
2021-01-06T19:30:00,0.9,87.0,3.0,1.5,1.0,15.0,0.6,6.4,966.1,-0.9
2021-01-06T19:40:00,1.0,87.0,2.7,1.5,1.0,11.0,0.7,6.4,966.1,-0.8
2021-01-06T19:50:00,1.1,87.0,3.3,1.6,2.0,179.0,0.6,6.4,966.2,-0.8
2021-01-06T20:00:00,1.1,87.0,2.7,1.3,1.0,22.0,0.9,6.4,966.3,-0.9
2021-01-06T20:10:00,1.1,86.0,2.7,1.3,1.0,64.0,0.8,6.4,966.3,-1.0
2021-01-06T20:20:00,1.1,85.0,3.4,1.0,1.0,27.0,0.7,6.4,966.3,-1.1
2021-01-06T20:30:00,1.1,86.0,2.4,1.2,1.0,96.0,1.1,6.4,966.4,-1.0
2021-01-06T20:40:00,1.1,86.0,2.4,1.0,1.0,31.0,1.1,6.4,966.5,-1.0
2021-01-06T20:50:00,1.2,86.0,2.9,1.3,1.0,82.0,0.9,6.4,966.5,-1.0
2021-01-06T21:00:00,1.2,85.0,2.6,1.2,1.0,124.0,1.0,6.4,966.5,-1.1
2021-01-06T21:10:00,1.2,85.0,2.9,1.6,2.0,73.0,0.8,6.4,966.5,-1.0
2021-01-06T21:20:00,1.3,84.0,3.0,1.3,1.0,66.0,1.1,6.4,966.5,-1.2
2021-01-06T21:30:00,1.3,83.0,2.4,0.9,1.0,47.0,1.2,6.4,966.5,-1.3
2021-01-06T21:40:00,1.3,82.0,1.9,0.6,1.0,60.0,1.3,6.4,966.5,-1.4
2021-01-06T21:50:00,1.3,84.0,3.4,1.6,2.0,166.0,0.6,6.4,966.5,-1.1
2021-01-06T22:00:00,1.4,84.0,2.7,1.6,2.0,18.0,1.2,6.4,966.5,-1.0
2021-01-06T22:10:00,1.4,85.0,2.9,1.9,2.0,34.0,0.6,6.4,966.5,-0.8
2021-01-06T22:20:00,1.4,84.0,3.0,1.9,2.0,179.0,0.7,6.4,966.5,-0.9
2021-01-06T22:30:00,1.4,84.0,3.5,2.3,2.0,19.0,-0.7,6.4,966.6,-1.0
2021-01-06T22:40:00,1.5,83.0,2.9,1.7,2.0,180.0,0.7,6.4,966.6,-1.0
2021-01-06T22:50:00,1.5,83.0,3.0,1.5,1.0,167.0,1.1,6.4,966.7,-1.1
2021-01-06T23:00:00,1.5,83.0,1.8,1.0,1.0,169.0,1.5,6.4,966.7,-1.0
2021-01-06T23:10:00,1.5,83.0,2.6,1.5,1.0,175.0,1.2,6.4,966.7,-1.1
2021-01-06T23:20:00,1.4,82.0,2.7,1.1,1.0,174.0,1.4,6.4,966.6,-1.2
2021-01-06T23:30:00,1.5,83.0,2.8,1.6,2.0,177.0,1.3,6.4,966.6,-1.1
2021-01-06T23:40:00,1.5,83.0,3.1,1.9,2.0,177.0,0.8,6.4,966.6,-1.1
2021-01-06T23:50:00,1.5,83.0,3.1,2.1,2.0,180.0,-0.1,6.4,966.7,-1.0
2021-01-07T00:00:00,1.5,82.0,3.4,1.5,1.0,61.0,1.3,6.4,966.7,-1.1
2021-01-07T00:10:00,1.5,83.0,1.8,1.0,1.0,44.0,1.5,6.4,966.7,-1.1
2021-01-07T00:20:00,1.5,83.0,2.5,1.4,1.0,35.0,1.5,6.4,966.7,-1.1
2021-01-07T00:30:00,1.6,83.0,2.3,1.5,1.0,69.0,1.5,6.4,966.7,-0.9
2021-01-07T00:40:00,1.5,84.0,2.4,1.5,1.0,59.0,1.4,6.4,966.8,-0.8
2021-01-07T00:50:00,1.5,84.0,1.7,1.2,1.0,54.0,1.5,6.4,966.8,-1.0
2021-01-07T01:00:00,1.5,83.0,2.3,0.9,1.0,68.0,1.5,6.4,966.9,-1.1
2021-01-07T01:10:00,1.5,83.0,2.3,0.7,1.0,167.0,1.5,6.4,966.8,-1.1
2021-01-07T01:20:00,1.5,82.0,1.7,0.8,1.0,189.0,1.5,6.4,966.8,-1.3
2021-01-07T01:30:00,1.5,82.0,1.9,0.7,1.0,30.0,1.5,6.4,966.8,-1.3
2021-01-07T01:40:00,1.4,82.0,1.8,0.5,1.0,11.0,1.4,6.4,966.8,-1.3
2021-01-07T01:50:00,1.3,83.0,0.9,0.1,0.0,135.0,1.3,6.4,966.8,-1.2
2021-01-07T02:00:00,1.4,83.0,1.2,0.4,1.0,191.0,1.4,6.4,966.8,-1.2
2021-01-07T02:10:00,1.4,83.0,0.9,0.2,0.0,95.0,1.4,6.4,966.8,-1.2
2021-01-07T02:20:00,1.4,83.0,0.4,0.0,0.0,110.0,1.4,6.4,966.8,-1.1
2021-01-07T02:30:00,1.3,85.0,0.6,0.1,0.0,117.0,1.3,6.4,966.9,-0.9
2021-01-07T02:40:00,1.3,86.0,0.8,0.1,0.0,111.0,1.3,6.4,966.9,-0.9
2021-01-07T02:50:00,1.3,85.0,1.6,0.7,1.0,3.0,1.3,6.4,966.9,-1.0
2021-01-07T03:00:00,1.4,84.0,1.2,0.3,1.0,158.0,1.4,6.4,966.9,-1.1
2021-01-07T03:10:00,1.3,85.0,1.1,0.3,1.0,115.0,1.3,6.4,966.9,-0.8
2021-01-07T03:20:00,1.3,86.0,0.1,0.0,0.0,174.0,1.3,6.4,966.9,-0.8
2021-01-07T03:30:00,1.3,85.0,0.7,0.1,0.0,160.0,1.3,6.4,966.9,-0.9
2021-01-07T03:40:00,1.3,86.0,1.3,0.3,1.0,111.0,1.3,6.4,966.8,-0.8
2021-01-07T03:50:00,1.3,86.0,0.9,0.1,0.0,105.0,1.3,6.4,966.8,-0.8
2021-01-07T04:00:00,1.2,87.0,1.5,0.4,1.0,124.0,1.2,6.4,966.7,-0.8
2021-01-07T04:10:00,1.2,87.0,0.6,0.1,0.0,167.0,1.2,6.4,966.7,-0.7
2021-01-07T04:20:00,1.2,87.0,0.2,0.0,0.0,119.0,1.2,6.4,966.7,-0.7
2021-01-07T04:30:00,1.2,87.0,1.1,0.0,0.0,176.0,1.2,6.4,966.7,-0.7
2021-01-07T04:40:00,1.2,88.0,1.1,0.2,0.0,11.0,1.2,6.4,966.6,-0.5
2021-01-07T04:50:00,1.3,87.0,1.8,0.4,1.0,176.0,1.3,6.4,966.6,-0.7
2021-01-07T05:00:00,1.3,88.0,1.3,0.4,1.0,103.0,1.3,6.4,966.6,-0.5
2021-01-07T05:10:00,1.1,89.0,1.2,0.2,0.0,120.0,1.1,6.4,966.6,-0.4
2021-01-07T05:20:00,1.1,90.0,1.5,0.5,1.0,110.0,1.1,6.4,966.5,-0.4
2021-01-07T05:30:00,1.0,90.0,2.1,0.9,1.0,116.0,1.0,6.4,966.5,-0.4
2021-01-07T05:40:00,1.0,90.0,2.1,0.9,1.0,121.0,1.0,6.4,966.5,-0.5
2021-01-07T05:50:00,0.9,90.0,1.7,0.8,1.0,108.0,0.9,6.4,966.5,-0.5
2021-01-07T06:00:00,0.9,90.0,1.6,0.6,1.0,114.0,0.9,6.4,966.5,-0.6
2021-01-07T06:10:00,1.0,89.0,2.1,0.9,1.0,126.0,1.0,6.4,966.5,-0.6
2021-01-07T06:20:00,1.0,89.0,1.8,0.9,1.0,107.0,1.0,6.4,966.5,-0.6
2021-01-07T06:30:00,1.1,89.0,0.5,0.0,0.0,345.0,1.1,6.4,966.5,-0.5
2021-01-07T06:40:00,1.2,89.0,0.6,0.1,0.0,27.0,1.2,6.4,966.5,-0.5
2021-01-07T06:50:00,1.2,88.0,0.7,0.1,0.0,15.0,1.2,6.4,966.4,-0.5
2021-01-07T07:00:00,1.3,88.0,0.8,0.1,0.0,106.0,1.3,6.4,966.4,-0.4
2021-01-07T07:10:00,1.2,89.0,1.6,0.5,1.0,128.0,1.2,6.3,966.4,-0.5
2021-01-07T07:20:00,1.1,89.0,1.4,0.4,1.0,131.0,1.1,6.4,966.4,-0.4
2021-01-07T07:30:00,1.1,90.0,2.0,0.4,1.0,140.0,1.1,6.4,966.4,-0.3
2021-01-07T07:40:00,1.1,91.0,1.5,0.5,1.0,128.0,1.1,6.4,966.5,-0.3
2021-01-07T07:50:00,1.0,90.0,1.2,0.4,1.0,122.0,1.0,6.4,966.5,-0.4
2021-01-07T08:00:00,1.0,90.0,1.9,0.7,1.0,127.0,1.0,6.3,966.5,-0.4
2021-01-07T08:10:00,1.0,91.0,1.4,0.3,1.0,121.0,1.0,6.3,966.6,-0.4
2021-01-07T08:20:00,1.0,91.0,1.2,0.4,1.0,134.0,1.0,6.3,966.7,-0.3
2021-01-07T08:30:00,1.0,91.0,1.2,0.2,0.0,124.0,1.0,6.3,966.7,-0.3
2021-01-07T08:40:00,1.0,91.0,1.8,0.5,1.0,114.0,1.0,6.3,966.8,-0.3
2021-01-07T08:50:00,1.0,90.0,1.7,0.7,1.0,106.0,1.0,6.3,966.8,-0.4
2021-01-07T09:00:00,1.0,90.0,1.7,0.7,1.0,129.0,1.0,6.3,966.8,-0.5
2021-01-07T09:10:00,1.1,89.0,1.3,0.2,0.0,134.0,1.1,6.3,966.8,-0.5
2021-01-07T09:20:00,1.1,89.0,0.9,0.2,0.0,133.0,1.1,6.3,966.9,-0.6
2021-01-07T09:30:00,1.1,88.0,1.7,0.4,1.0,118.0,1.1,6.4,966.9,-0.6
2021-01-07T09:40:00,1.1,88.0,2.3,0.8,1.0,130.0,1.1,6.3,966.9,-0.7
2021-01-07T09:50:00,1.1,87.0,1.6,0.4,1.0,137.0,1.1,6.3,966.9,-0.7
2021-01-07T10:00:00,1.2,88.0,2.4,0.4,1.0,147.0,1.2,6.3,966.9,-0.6
2021-01-07T10:10:00,1.3,88.0,1.8,0.5,1.0,149.0,1.3,6.3,966.9,-0.5
2021-01-07T10:20:00,1.3,87.0,2.0,0.8,1.0,151.0,1.3,6.4,967.0,-0.6
2021-01-07T10:30:00,1.3,87.0,2.2,0.7,1.0,153.0,1.3,6.3,967.0,-0.6
2021-01-07T10:40:00,1.3,86.0,1.2,0.4,1.0,139.0,1.3,6.4,967.0,-0.7
2021-01-07T10:50:00,1.3,86.0,2.1,0.5,1.0,133.0,1.3,6.3,967.1,-0.8
2021-01-07T11:00:00,1.4,85.0,1.6,0.5,1.0,137.0,1.4,6.3,967.1,-0.8
2021-01-07T11:10:00,1.4,85.0,1.6,0.4,1.0,148.0,1.4,6.3,967.0,-0.8
2021-01-07T11:20:00,1.5,85.0,1.5,0.2,0.0,125.0,1.5,6.3,966.9,-0.8
2021-01-07T11:30:00,1.5,84.0,1.4,0.4,1.0,121.0,1.5,6.4,966.8,-0.8
2021-01-07T11:40:00,1.6,84.0,1.3,0.2,0.0,140.0,1.6,6.4,966.7,-0.8
2021-01-07T11:50:00,1.6,84.0,1.2,0.3,1.0,152.0,1.6,6.4,966.6,-0.8
2021-01-07T12:00:00,1.7,84.0,0.7,0.0,0.0,140.0,1.7,6.4,966.5,-0.8
2021-01-07T12:10:00,1.8,83.0,0.7,0.1,0.0,159.0,1.8,6.4,966.5,-0.8
2021-01-07T12:20:00,1.9,82.0,1.1,0.2,0.0,16.0,1.9,6.4,966.3,-0.7
2021-01-07T12:30:00,2.2,81.0,0.6,0.1,0.0,173.0,2.2,6.4,966.1,-0.7
2021-01-07T12:40:00,2.4,79.0,0.5,0.0,0.0,180.0,2.4,6.4,966.0,-0.8
2021-01-07T12:50:00,2.3,80.0,1.2,0.3,1.0,170.0,2.3,6.4,965.9,-0.8
2021-01-07T13:00:00,2.1,81.0,1.1,0.3,1.0,169.0,2.1,6.4,965.8,-0.9
2021-01-07T13:10:00,2.0,81.0,1.3,0.5,1.0,175.0,2.0,6.4,965.8,-0.8
2021-01-07T13:20:00,2.3,80.0,1.6,1.0,1.0,4.0,2.3,6.4,965.7,-0.7
2021-01-07T13:30:00,2.7,77.0,1.2,0.3,1.0,180.0,2.7,6.4,965.7,-0.8
2021-01-07T13:40:00,3.2,75.0,1.4,0.5,1.0,13.0,3.2,6.4,965.6,-0.9
2021-01-07T13:50:00,3.4,74.0,1.5,0.5,1.0,178.0,3.4,6.5,965.6,-0.8
2021-01-07T14:00:00,3.4,74.0,1.5,0.6,1.0,31.0,3.4,6.5,965.6,-0.8
2021-01-07T14:10:00,3.2,72.0,0.6,0.1,0.0,141.0,3.2,6.5,965.6,-1.4
2021-01-07T14:20:00,3.4,74.0,1.6,0.6,1.0,177.0,3.4,6.5,965.6,-0.8
2021-01-07T14:30:00,3.4,74.0,1.3,0.3,1.0,42.0,3.4,6.5,965.6,-0.7
2021-01-07T14:40:00,3.4,74.0,2.0,0.9,1.0,171.0,3.4,6.5,965.6,-0.8
2021-01-07T14:50:00,3.0,74.0,1.3,0.5,1.0,168.0,3.0,6.5,965.6,-1.1
2021-01-07T15:00:00,2.8,74.0,1.4,0.6,1.0,177.0,2.8,6.5,965.7,-1.3
2021-01-07T15:10:00,2.8,76.0,1.6,0.5,1.0,163.0,2.8,6.5,965.7,-1.0
2021-01-07T15:20:00,3.0,77.0,2.0,0.4,1.0,160.0,3.0,6.5,965.7,-0.6
2021-01-07T15:30:00,2.9,77.0,2.4,1.0,1.0,157.0,2.9,6.5,965.7,-0.7
2021-01-07T15:40:00,2.8,77.0,2.0,0.8,1.0,152.0,2.8,6.5,965.7,-0.8
2021-01-07T15:50:00,2.6,79.0,1.8,0.6,1.0,147.0,2.6,6.5,965.8,-0.7
2021-01-07T16:00:00,2.5,79.0,2.5,1.3,1.0,163.0,2.4,6.5,965.8,-0.8
2021-01-07T16:10:00,2.5,78.0,2.1,0.9,1.0,165.0,2.5,6.4,965.7,-1.0
2021-01-07T16:20:00,2.5,77.0,1.8,0.6,1.0,165.0,2.5,6.4,965.7,-1.2
2021-01-07T16:30:00,2.4,76.0,1.8,1.1,1.0,168.0,2.4,6.4,965.7,-1.3
2021-01-07T16:40:00,2.4,75.0,1.8,1.1,1.0,4.0,2.4,6.4,965.8,-1.5
2021-01-07T16:50:00,2.4,77.0,2.3,1.0,1.0,166.0,2.4,6.4,965.8,-1.2
2021-01-07T17:00:00,2.3,79.0,1.8,0.7,1.0,160.0,2.3,6.4,965.9,-1.0
2021-01-07T17:10:00,2.3,79.0,1.2,0.1,0.0,138.0,2.3,6.4,965.9,-1.0
2021-01-07T17:20:00,2.2,79.0,1.4,0.6,1.0,111.0,2.2,6.4,966.0,-1.1
2021-01-07T17:30:00,2.1,79.0,1.3,0.5,1.0,99.0,2.1,6.4,966.0,-1.1
2021-01-07T17:40:00,2.0,79.0,1.3,0.4,1.0,122.0,2.0,6.4,966.1,-1.2
2021-01-07T17:50:00,2.0,79.0,1.1,0.2,0.0,111.0,2.0,6.4,966.1,-1.3
2021-01-07T18:00:00,1.9,78.0,0.2,0.0,0.0,105.0,1.9,6.4,966.2,-1.5
2021-01-07T18:10:00,1.9,79.0,0.0,0.0,0.0,0.0,1.9,6.4,966.2,-1.3
2021-01-07T18:20:00,1.9,80.0,1.1,0.2,0.0,100.0,1.9,6.4,966.2,-1.1
2021-01-07T18:30:00,1.9,80.0,1.3,0.3,1.0,104.0,1.9,6.4,966.3,-1.1
2021-01-07T18:40:00,1.9,80.0,1.2,0.5,1.0,100.0,1.9,6.4,966.3,-1.2
2021-01-07T18:50:00,1.9,80.0,1.0,0.1,0.0,109.0,1.9,6.4,966.3,-1.2
2021-01-07T19:00:00,1.9,81.0,0.0,0.0,0.0,81.0,1.9,6.4,966.3,-1.1
2021-01-07T19:10:00,1.9,81.0,0.2,0.0,0.0,100.0,1.9,6.4,966.3,-1.1
2021-01-07T19:20:00,1.9,81.0,0.8,0.1,0.0,50.0,1.9,6.4,966.4,-1.1
2021-01-07T19:30:00,1.9,81.0,1.7,0.6,1.0,314.0,1.9,6.4,966.4,-1.0
2021-01-07T19:40:00,2.0,80.0,1.8,0.8,1.0,246.0,2.0,6.4,966.5,-1.1
2021-01-07T19:50:00,2.0,78.0,1.4,1.0,1.0,252.0,2.0,6.4,966.5,-1.4
2021-01-07T20:00:00,2.1,79.0,1.5,0.9,1.0,281.0,2.1,6.4,966.5,-1.2
2021-01-07T20:10:00,2.1,78.0,1.4,0.5,1.0,284.0,2.1,6.4,966.5,-1.3
2021-01-07T20:20:00,2.0,78.0,1.3,0.4,1.0,146.0,2.0,6.4,966.6,-1.4
2021-01-07T20:30:00,2.0,78.0,1.5,0.3,1.0,46.0,2.0,6.4,966.6,-1.4
2021-01-07T20:40:00,1.9,79.0,0.6,0.1,0.0,20.0,1.9,6.4,966.6,-1.4
2021-01-07T20:50:00,1.9,79.0,1.7,0.7,1.0,121.0,1.9,6.4,966.6,-1.3
2021-01-07T21:00:00,2.0,79.0,1.6,0.8,1.0,140.0,2.0,6.4,966.6,-1.3
2021-01-07T21:10:00,2.0,80.0,1.3,0.2,0.0,160.0,2.0,6.4,966.6,-1.1
2021-01-07T21:20:00,1.8,81.0,1.0,0.2,0.0,124.0,1.8,6.4,966.6,-1.0
2021-01-07T21:30:00,1.7,82.0,0.8,0.1,0.0,116.0,1.7,6.4,966.7,-0.9
2021-01-07T21:40:00,1.7,83.0,0.9,0.1,0.0,138.0,1.7,6.4,966.7,-0.9
2021-01-07T21:50:00,1.7,84.0,1.5,0.7,1.0,9.0,1.7,6.4,966.7,-0.7
2021-01-07T22:00:00,1.7,84.0,1.4,0.6,1.0,128.0,1.7,6.4,966.7,-0.7
2021-01-07T22:10:00,1.6,83.0,1.7,0.6,1.0,121.0,1.6,6.4,966.7,-0.9
2021-01-07T22:20:00,1.5,84.0,2.1,0.5,1.0,130.0,1.5,6.4,966.7,-0.9
2021-01-07T22:30:00,1.4,84.0,2.0,0.6,1.0,125.0,1.4,6.4,966.7,-1.0
2021-01-07T22:40:00,1.4,84.0,1.5,0.8,1.0,110.0,1.4,6.4,966.7,-1.0
2021-01-07T22:50:00,1.3,84.0,1.4,0.7,1.0,117.0,1.3,6.4,966.7,-1.0
2021-01-07T23:00:00,1.3,84.0,1.6,0.7,1.0,119.0,1.3,6.4,966.7,-1.1
2021-01-07T23:10:00,1.2,84.0,1.9,0.4,1.0,141.0,1.2,6.4,966.7,-1.1
2021-01-07T23:20:00,1.3,84.0,1.8,0.6,1.0,167.0,1.3,6.4,966.7,-1.0
2021-01-07T23:30:00,1.5,85.0,2.3,1.3,1.0,29.0,1.5,6.4,966.7,-0.8
2021-01-07T23:40:00,1.5,85.0,2.2,1.5,1.0,18.0,1.5,6.4,966.7,-0.7
2021-01-07T23:50:00,1.6,83.0,2.2,1.2,1.0,26.0,1.6,6.4,966.7,-1.0
2021-01-08T00:00:00,1.5,83.0,1.7,0.2,0.0,38.0,1.5,6.4,966.7,-1.0
2021-01-08T00:10:00,1.5,84.0,1.6,0.4,1.0,174.0,1.5,6.4,966.6,-1.0
2021-01-08T00:20:00,1.4,83.0,2.0,0.6,1.0,150.0,1.4,6.4,966.6,-1.2
2021-01-08T00:30:00,1.3,82.0,1.7,0.6,1.0,131.0,1.3,6.4,966.6,-1.3
2021-01-08T00:40:00,1.3,82.0,2.1,0.9,1.0,127.0,1.3,6.4,966.7,-1.4
2021-01-08T00:50:00,1.3,82.0,1.5,0.6,1.0,130.0,1.3,6.4,966.6,-1.4
2021-01-08T01:00:00,1.3,83.0,2.0,0.5,1.0,148.0,1.3,6.4,966.6,-1.2
2021-01-08T01:10:00,1.3,82.0,2.1,0.8,1.0,127.0,1.3,6.4,966.6,-1.4
2021-01-08T01:20:00,1.2,82.0,1.8,0.7,1.0,128.0,1.2,6.4,966.5,-1.5
2021-01-08T01:30:00,1.2,83.0,2.4,0.5,1.0,154.0,1.2,6.4,966.5,-1.3
2021-01-08T01:40:00,1.3,83.0,1.8,0.5,1.0,141.0,1.3,6.4,966.5,-1.3
2021-01-08T01:50:00,1.2,82.0,2.1,0.8,1.0,130.0,1.2,6.4,966.6,-1.5
2021-01-08T02:00:00,1.1,82.0,1.7,0.6,1.0,131.0,1.1,6.4,966.6,-1.6
2021-01-08T02:10:00,1.1,81.0,2.6,1.0,1.0,124.0,1.0,6.4,966.6,-1.8
2021-01-08T02:20:00,1.0,81.0,2.3,0.9,1.0,122.0,1.0,6.4,966.6,-1.9
2021-01-08T02:30:00,1.0,81.0,1.9,0.6,1.0,133.0,1.0,6.4,966.7,-1.9
2021-01-08T02:40:00,1.0,80.0,1.5,0.5,1.0,128.0,1.0,6.4,966.8,-2.1
2021-01-08T02:50:00,0.9,83.0,2.5,1.5,1.0,31.0,0.8,6.4,966.9,-1.5
2021-01-08T03:00:00,0.8,87.0,2.2,1.1,1.0,171.0,0.8,6.4,966.9,-1.1
2021-01-08T03:10:00,0.7,89.0,1.3,0.1,0.0,141.0,0.7,6.3,966.9,-0.9
2021-01-08T03:20:00,0.6,88.0,0.1,0.0,0.0,123.0,0.6,6.3,967.0,-1.2
2021-01-08T03:30:00,0.5,88.0,0.2,0.0,0.0,108.0,0.5,6.3,967.1,-1.2
2021-01-08T03:40:00,0.4,89.0,0.1,0.0,0.0,71.0,0.4,6.4,967.1,-1.2
2021-01-08T03:50:00,0.4,91.0,0.8,0.1,0.0,167.0,0.4,6.4,967.1,-1.0
2021-01-08T04:00:00,0.3,91.0,0.8,0.1,0.0,111.0,0.3,6.4,967.1,-1.0
2021-01-08T04:10:00,0.3,91.0,2.1,0.6,1.0,164.0,0.3,6.4,967.1,-1.0
2021-01-08T04:20:00,0.5,90.0,2.6,1.6,2.0,175.0,0.4,6.3,967.1,-0.9
2021-01-08T04:30:00,0.5,91.0,2.7,1.6,2.0,165.0,0.4,6.3,967.1,-0.8
2021-01-08T04:40:00,0.4,92.0,2.5,1.1,1.0,136.0,0.3,6.3,967.1,-0.8
2021-01-08T04:50:00,0.1,91.0,2.3,1.2,1.0,110.0,0.1,6.3,967.1,-1.2
2021-01-08T05:00:00,0.0,91.0,2.3,1.1,1.0,115.0,0.0,6.3,967.1,-1.2
2021-01-08T05:10:00,-0.1,91.0,2.3,1.2,1.0,120.0,-0.1,6.3,967.1,-1.3
2021-01-08T05:20:00,-0.1,92.0,2.8,1.3,1.0,127.0,-0.2,6.3,967.1,-1.3
2021-01-08T05:30:00,-0.1,92.0,3.1,1.2,1.0,121.0,-0.2,6.3,967.0,-1.3
2021-01-08T05:40:00,-0.1,92.0,2.5,1.0,1.0,130.0,-0.1,6.3,967.0,-1.3
2021-01-08T05:50:00,-0.1,91.0,2.6,1.3,1.0,114.0,-0.1,6.3,967.0,-1.4
2021-01-08T06:00:00,-0.2,91.0,3.0,1.7,2.0,107.0,-0.6,6.3,967.0,-1.5
2021-01-08T06:10:00,-0.2,90.0,3.4,2.1,2.0,112.0,-1.5,6.3,966.9,-1.6
2021-01-08T06:20:00,-0.2,89.0,3.3,1.8,2.0,117.0,-1.1,6.3,966.9,-1.7
2021-01-08T06:30:00,-0.2,89.0,3.1,1.7,2.0,113.0,-0.7,6.3,966.9,-1.8
2021-01-08T06:40:00,-0.2,89.0,2.7,1.4,1.0,109.0,-0.4,6.3,967.0,-1.9
2021-01-08T06:50:00,-0.2,88.0,1.7,0.3,1.0,113.0,-0.2,6.3,967.0,-1.9
2021-01-08T07:00:00,-0.2,87.0,1.7,0.6,1.0,105.0,-0.2,6.3,967.1,-2.1
2021-01-08T07:10:00,-0.1,87.0,1.7,0.5,1.0,114.0,-0.1,6.3,967.2,-2.1
2021-01-08T07:20:00,-0.1,86.0,1.5,0.6,1.0,113.0,-0.1,6.3,967.2,-2.1
2021-01-08T07:30:00,-0.1,87.0,2.3,1.0,1.0,120.0,-0.1,6.3,967.3,-2.0
2021-01-08T07:40:00,0.0,87.0,3.4,0.9,1.0,134.0,-0.1,6.3,967.2,-1.9
2021-01-08T07:50:00,0.1,87.0,2.3,1.0,1.0,142.0,0.0,6.3,967.2,-1.8
2021-01-08T08:00:00,0.2,87.0,3.0,1.3,1.0,138.0,0.0,6.3,967.2,-1.6
2021-01-08T08:10:00,0.1,87.0,3.3,1.4,1.0,129.0,-0.2,6.3,967.2,-1.8
2021-01-08T08:20:00,0.0,87.0,3.1,1.6,2.0,125.0,-0.7,6.3,967.4,-1.9
2021-01-08T08:30:00,0.0,88.0,2.5,1.1,1.0,131.0,-0.1,6.3,967.5,-1.8
2021-01-08T08:40:00,0.0,89.0,3.0,0.9,1.0,138.0,-0.1,6.3,967.6,-1.6
2021-01-08T08:50:00,0.0,89.0,3.2,1.3,1.0,134.0,-0.2,6.3,967.7,-1.5
2021-01-08T09:00:00,0.1,88.0,2.8,1.1,1.0,137.0,0.0,6.3,967.8,-1.6
2021-01-08T09:10:00,0.1,88.0,2.9,0.9,1.0,138.0,0.1,6.3,967.9,-1.7
2021-01-08T09:20:00,0.3,89.0,4.2,1.9,2.0,165.0,-1.0,6.3,968.0,-1.4
2021-01-08T09:30:00,0.5,88.0,3.6,1.2,1.0,152.0,0.1,6.3,968.1,-1.2
2021-01-08T09:40:00,0.5,87.0,3.8,1.2,1.0,147.0,0.4,6.3,968.2,-1.4
2021-01-08T09:50:00,0.6,87.0,3.6,1.4,1.0,152.0,0.2,6.3,968.3,-1.4
2021-01-08T10:00:00,0.6,85.0,2.9,1.1,1.0,140.0,0.4,6.3,968.2,-1.6
2021-01-08T10:10:00,0.6,84.0,3.2,1.1,1.0,137.0,0.4,6.3,968.2,-1.8
2021-01-08T10:20:00,0.7,85.0,3.3,1.2,1.0,158.0,0.4,6.3,968.2,-1.6
2021-01-08T10:30:00,0.8,83.0,3.8,1.9,2.0,165.0,-0.4,6.3,968.2,-1.6
2021-01-08T10:40:00,0.9,84.0,2.8,0.9,1.0,147.0,0.8,6.3,968.3,-1.4
2021-01-08T10:50:00,0.9,83.0,2.9,1.2,1.0,143.0,0.8,6.3,968.2,-1.6
2021-01-08T11:00:00,0.9,84.0,2.4,0.8,1.0,142.0,0.9,6.3,968.3,-1.5
2021-01-08T11:10:00,1.0,83.0,3.1,1.0,1.0,140.0,0.8,6.3,968.3,-1.6
2021-01-08T11:20:00,1.1,84.0,3.2,1.4,1.0,157.0,0.6,6.3,968.4,-1.4
2021-01-08T11:30:00,1.0,82.0,2.5,0.9,1.0,153.0,1.0,6.3,968.3,-1.7
2021-01-08T11:40:00,1.2,82.0,2.7,1.3,1.0,160.0,0.9,6.3,968.3,-1.6
2021-01-08T11:50:00,1.3,81.0,2.7,1.1,1.0,157.0,1.0,6.3,968.3,-1.6
2021-01-08T12:00:00,1.4,82.0,2.5,0.8,1.0,151.0,1.3,6.3,968.2,-1.4
2021-01-08T12:10:00,1.4,81.0,2.9,1.1,1.0,139.0,1.2,6.3,968.0,-1.5
2021-01-08T12:20:00,1.5,80.0,2.4,1.0,1.0,150.0,1.5,6.3,967.9,-1.5
2021-01-08T12:30:00,1.5,80.0,3.4,2.1,2.0,164.0,-0.2,6.3,967.9,-1.6
2021-01-08T12:40:00,1.5,78.0,2.6,1.1,1.0,154.0,1.4,6.3,967.8,-1.8
2021-01-08T12:50:00,1.7,76.0,2.3,0.7,1.0,151.0,1.7,6.3,967.7,-2.0
2021-01-08T13:00:00,1.7,76.0,2.6,0.9,1.0,156.0,1.6,6.3,967.7,-2.1
2021-01-08T13:10:00,1.8,75.0,1.9,0.7,1.0,155.0,1.8,6.3,967.7,-2.2
2021-01-08T13:20:00,1.9,74.0,1.7,0.5,1.0,148.0,1.9,6.3,967.6,-2.2
2021-01-08T13:30:00,1.9,73.0,1.3,0.3,1.0,159.0,1.9,6.3,967.6,-2.5
2021-01-08T13:40:00,2.0,72.0,1.2,0.3,1.0,126.0,2.0,6.3,967.6,-2.6
2021-01-08T13:50:00,2.1,72.0,0.8,0.1,0.0,139.0,2.1,6.3,967.5,-2.4
2021-01-08T14:00:00,2.2,71.0,1.0,0.1,0.0,132.0,2.2,6.3,967.5,-2.6
2021-01-08T14:10:00,2.2,71.0,0.6,0.1,0.0,169.0,2.2,6.3,967.5,-2.4
2021-01-08T14:20:00,2.2,71.0,0.7,0.1,0.0,120.0,2.2,6.3,967.5,-2.4
2021-01-08T14:30:00,2.2,71.0,0.8,0.1,0.0,168.0,2.2,6.3,967.4,-2.5
2021-01-08T14:40:00,2.1,71.0,1.5,0.5,1.0,167.0,2.1,6.4,967.4,-2.5
2021-01-08T14:50:00,2.2,70.0,2.0,1.3,1.0,180.0,2.2,6.4,967.5,-2.7
2021-01-08T15:00:00,2.1,69.0,1.1,0.3,1.0,169.0,2.1,6.3,967.5,-2.9
2021-01-08T15:10:00,2.2,68.0,0.9,0.2,0.0,133.0,2.2,6.3,967.6,-3.1
2021-01-08T15:20:00,2.2,68.0,0.0,0.0,0.0,0.0,2.2,6.3,967.7,-3.0
2021-01-08T15:30:00,2.2,69.0,1.5,0.4,1.0,271.0,2.2,6.3,967.8,-2.9
2021-01-08T15:40:00,2.2,68.0,1.7,0.7,1.0,282.0,2.2,6.3,967.9,-3.1
2021-01-08T15:50:00,2.2,68.0,1.7,0.7,1.0,290.0,2.2,6.3,967.9,-2.9
2021-01-08T16:00:00,2.3,70.0,2.2,0.9,1.0,309.0,2.3,6.4,968.0,-2.7
2021-01-08T16:10:00,2.4,70.0,1.8,1.0,1.0,6.0,2.4,6.4,968.1,-2.6
2021-01-08T16:20:00,2.6,70.0,2.1,1.0,1.0,18.0,2.6,6.3,968.1,-2.4
2021-01-08T16:30:00,2.6,69.0,2.0,1.1,1.0,6.0,2.6,6.3,968.0,-2.4
2021-01-08T16:40:00,2.2,70.0,2.1,1.2,1.0,5.0,2.2,6.3,968.0,-2.6
2021-01-08T16:50:00,1.9,71.0,1.9,1.2,1.0,11.0,1.9,6.3,968.1,-2.7
2021-01-08T17:00:00,1.6,72.0,1.6,0.8,1.0,29.0,1.6,6.3,968.2,-2.8
2021-01-08T17:10:00,1.4,74.0,1.5,0.6,1.0,43.0,1.4,6.3,968.3,-2.7
2021-01-08T17:20:00,1.2,75.0,1.2,0.6,1.0,42.0,1.2,6.3,968.3,-2.7
2021-01-08T17:30:00,1.0,76.0,1.5,0.7,1.0,50.0,1.0,6.3,968.4,-2.7
2021-01-08T17:40:00,0.8,78.0,1.5,0.5,1.0,45.0,0.8,6.3,968.4,-2.7
2021-01-08T17:50:00,0.6,78.0,1.2,0.7,1.0,39.0,0.6,6.3,968.4,-2.7
2021-01-08T18:00:00,0.5,79.0,1.7,1.0,1.0,45.0,0.5,6.3,968.5,-2.7
2021-01-08T18:10:00,0.3,80.0,1.5,1.0,1.0,54.0,0.3,6.3,968.6,-2.7
2021-01-08T18:20:00,0.1,81.0,1.2,0.5,1.0,55.0,0.1,6.3,968.7,-2.7
2021-01-08T18:30:00,0.0,82.0,0.4,0.0,0.0,48.0,0.0,6.3,968.7,-2.7
2021-01-08T18:40:00,-0.2,82.0,0.9,0.1,0.0,49.0,-0.2,6.3,968.7,-2.8
2021-01-08T18:50:00,-0.4,83.0,1.6,1.0,1.0,57.0,-0.4,6.3,968.8,-2.9
2021-01-08T19:00:00,-0.6,83.0,2.4,1.5,1.0,60.0,-0.6,6.3,968.8,-3.0
2021-01-08T19:10:00,-0.7,84.0,2.3,1.7,2.0,66.0,-0.8,6.3,968.9,-3.1
2021-01-08T19:20:00,-0.8,84.0,2.0,1.4,1.0,63.0,-0.8,6.3,968.9,-3.2
2021-01-08T19:30:00,-0.9,84.0,2.4,1.5,1.0,56.0,-1.0,6.3,969.0,-3.2
2021-01-08T19:40:00,-0.9,85.0,1.4,0.2,0.0,63.0,-0.9,6.3,969.1,-3.2
2021-01-08T19:50:00,-1.0,84.0,1.0,0.4,1.0,55.0,-1.0,6.3,969.1,-3.3
2021-01-08T20:00:00,-1.0,84.0,1.6,0.7,1.0,38.0,-1.0,6.3,969.1,-3.3
2021-01-08T20:10:00,-1.1,84.0,2.2,1.4,1.0,52.0,-1.1,6.3,969.1,-3.4
2021-01-08T20:20:00,-1.1,84.0,1.9,1.1,1.0,50.0,-1.1,6.3,969.2,-3.4
2021-01-08T20:30:00,-1.2,85.0,0.5,0.1,0.0,26.0,-1.2,6.3,969.2,-3.4
2021-01-08T20:40:00,-1.3,85.0,1.0,0.2,0.0,50.0,-1.3,6.3,969.2,-3.5
2021-01-08T20:50:00,-1.5,86.0,0.9,0.4,1.0,54.0,-1.5,6.3,969.2,-3.6
2021-01-08T21:00:00,-1.6,86.0,1.4,0.3,1.0,57.0,-1.6,6.3,969.2,-3.6
2021-01-08T21:10:00,-1.7,87.0,1.5,1.0,1.0,54.0,-1.7,6.3,969.4,-3.6
2021-01-08T21:20:00,-1.7,87.0,1.4,0.8,1.0,62.0,-1.7,6.3,969.5,-3.6
2021-01-08T21:30:00,-1.9,87.0,1.3,0.5,1.0,67.0,-1.9,6.3,969.6,-3.7
2021-01-08T21:40:00,-1.9,87.0,0.8,0.3,1.0,68.0,-1.9,6.3,969.6,-3.7
2021-01-08T21:50:00,-2.0,88.0,1.1,0.6,1.0,60.0,-2.0,6.3,969.6,-3.8
2021-01-08T22:00:00,-2.0,88.0,1.2,0.4,1.0,61.0,-2.0,6.3,969.7,-3.8
2021-01-08T22:10:00,-2.0,88.0,1.3,0.6,1.0,79.0,-2.0,6.3,969.7,-3.8
2021-01-08T22:20:00,-2.0,88.0,1.4,0.5,1.0,68.0,-2.0,6.3,969.7,-3.8
2021-01-08T22:30:00,-2.1,87.0,1.5,0.6,1.0,52.0,-2.1,6.3,969.7,-3.9
2021-01-08T22:40:00,-2.2,87.0,1.6,0.7,1.0,45.0,-2.2,6.3,969.8,-4.0
2021-01-08T22:50:00,-2.3,87.0,1.5,0.6,1.0,65.0,-2.3,6.3,969.8,-4.1
2021-01-08T23:00:00,-2.4,88.0,1.7,1.1,1.0,68.0,-2.4,6.2,969.8,-4.1
